temperature,humidity,gas_ppm,motion
21.2,57.58,116.61,0
20.97,57.55,118.55,0
21.31,56.2,117.16,1
21.68,57.67,120.78,0
21.01,58.73,126.29,0
21.03,56.72,116.52,0
21.78,59.03,125.45,0
21.48,58.47,116.62,0
21.01,57.24,116.36,0
21.44,57.83,124.77,0
21.06,59.56,125.36,0
21.09,58.69,125.08,0
21.4,57.95,114.32,0
20.56,57.69,118.64,0
20.66,58.0,125.16,0
21.15,57.4,121.33,0
20.99,55.79,115.83,0
21.55,59.93,123.57,0
21.08,58.03,117.77,0
20.91,58.25,130.4,0
22.08,57.78,129.22,0
21.43,57.09,124.59,0
21.57,57.62,128.45,0
21.0,56.19,122.05,0
21.38,60.05,125.62,0
21.66,56.52,129.26,0
21.18,56.7,123.17,0
21.82,57.27,120.74,0
21.45,58.98,113.57,0
21.6,57.68,121.75,0
21.5,56.41,126.36,0
22.5,58.87,127.04,1
21.78,58.32,124.91,0
21.39,58.11,119.76,1
22.16,58.26,112.65,0
21.37,59.91,120.14,0
21.96,59.67,121.16,0
21.12,56.77,121.2,0
21.4,59.05,125.93,0
22.03,57.78,132.84,0
22.27,57.87,123.6,1
22.07,55.64,121.97,0
21.97,57.13,121.83,1
21.92,56.46,123.82,0
21.47,58.07,119.13,0
21.8,58.27,123.95,0
21.93,55.09,125.67,0
22.56,57.11,124.54,0
22.29,58.22,125.85,1
21.47,56.87,125.81,0
22.33,57.75,114.85,0
22.07,57.33,126.97,0
21.97,57.28,120.5,0
22.51,56.63,118.45,0
22.7,55.64,118.48,0
22.68,55.7,126.24,0
21.99,57.49,123.03,0
22.23,56.75,115.81,0
22.5,56.55,126.68,0
22.78,56.22,117.16,0
22.22,56.3,125.13,0
22.36,57.6,125.7,0
22.01,56.18,129.0,1
21.99,55.12,133.56,1
22.82,57.16,117.9,0
23.06,56.16,124.53,1
22.5,56.35,123.48,0
22.95,57.88,127.1,0
22.72,56.2,126.08,0
22.33,56.46,123.31,1
22.76,54.94,122.94,0
23.25,55.85,119.63,0
22.63,56.62,130.22,1
23.29,54.41,127.65,0
21.64,56.11,130.01,0
23.03,55.95,123.94,0
22.76,55.84,122.28,0
22.62,56.78,120.24,0
22.8,56.02,127.5,0
21.98,57.11,120.57,0
22.71,54.58,135.09,0
22.95,55.65,119.37,0
23.42,55.54,127.35,0
22.64,54.33,133.88,0
22.54,56.29,129.11,0
22.68,57.6,127.06,0
23.26,55.2,121.41,1
23.04,55.66,119.41,0
22.72,55.18,130.24,0
23.15,54.32,133.99,1
23.0,53.15,124.33,0
23.36,54.2,120.9,0
22.71,53.45,114.37,0
22.87,56.49,121.82,0
22.86,54.6,126.23,1
22.45,54.31,134.86,0
23.17,55.48,130.29,0
23.17,53.4,128.52,1
23.08,53.69,125.06,0
23.0,54.46,124.21,0
22.54,55.35,134.22,0
22.95,54.76,128.26,0
22.99,54.43,116.81,0
22.82,54.2,124.02,0
23.09,54.45,123.16,0
23.33,54.18,124.79,0
23.94,52.88,130.4,0
23.26,53.89,127.11,0
23.31,52.7,127.33,0
23.19,53.78,134.35,0
22.46,53.15,124.36,1
23.23,56.1,137.23,0
23.27,53.44,124.61,0
24.25,52.01,128.48,0
23.19,53.2,126.69,0
23.4,53.79,128.78,0
23.28,54.87,130.44,0
22.83,52.53,130.45,0
23.77,51.46,124.58,1
23.62,53.79,122.79,0
23.65,51.52,140.99,0
22.98,52.39,126.11,0
23.91,52.49,132.09,0
22.8,52.6,120.62,0
23.6,53.29,127.32,0
24.25,51.84,128.14,0
22.98,52.17,131.2,0
23.16,52.35,115.29,0
23.44,52.44,129.79,0
23.2,52.31,123.27,0
22.79,52.57,130.7,0
23.44,52.9,123.96,0
23.0,52.38,124.92,0
23.62,52.36,127.89,1
23.07,50.25,124.05,0
24.06,51.8,127.0,0
23.13,52.15,123.47,1
23.32,52.32,120.33,0
23.78,50.82,134.64,1
22.97,50.78,123.13,0
23.55,50.78,128.77,0
23.99,51.82,133.49,0
22.83,52.23,126.7,0
23.55,50.71,125.71,0
23.58,51.95,131.02,0
23.79,51.09,135.54,0
22.99,50.76,124.16,0
22.96,50.59,129.31,0
23.7,51.47,121.45,1
23.61,50.97,128.21,1
23.59,52.84,130.4,1
23.63,49.63,126.01,0
23.22,50.92,128.05,0
23.59,49.79,123.35,0
23.62,49.37,130.83,0
23.21,50.15,135.78,0
24.25,50.22,125.07,0
23.69,52.92,127.49,1
23.02,49.74,133.17,0
23.76,48.71,136.77,1
23.11,50.04,123.3,0
23.81,47.61,129.97,0
23.96,49.51,132.28,0
23.17,49.54,130.41,0
23.88,50.24,118.58,1
23.66,50.34,133.53,0
23.82,48.78,138.67,0
24.25,49.05,131.7,0
23.39,48.36,126.02,0
23.18,47.92,128.66,0
23.12,49.28,140.12,0
23.15,47.61,135.87,0
23.44,48.39,134.57,0
23.6,47.73,133.2,0
23.57,49.2,128.16,0
23.79,50.37,130.51,0
23.46,47.19,131.17,0
24.03,46.56,134.36,0
23.34,48.21,139.2,0
24.53,48.27,137.3,0
23.68,48.4,124.65,0
23.09,47.66,132.92,1
22.99,47.82,135.53,0
23.61,48.31,134.98,0
23.32,48.91,128.79,0
23.69,45.84,146.55,0
23.59,47.35,125.64,0
23.36,47.85,126.65,0
23.04,46.64,133.28,0
22.77,49.22,142.74,0
23.19,46.78,128.02,0
23.7,47.29,130.92,0
23.43,47.82,137.68,1
22.84,46.59,132.24,1
23.4,45.26,130.7,1
23.48,46.61,135.25,0
22.96,47.99,133.82,0
23.36,46.55,137.65,0
23.32,45.97,139.0,0
22.83,47.67,134.12,0
23.42,46.34,134.08,0
23.49,46.09,133.73,1
23.68,46.67,135.15,0
23.66,47.22,133.02,0
22.68,48.76,132.78,0
22.84,47.14,138.81,1
23.41,47.4,140.44,0
23.4,45.66,125.36,0
23.39,45.07,132.99,0
24.71,46.09,129.53,0
23.39,46.07,131.46,0
23.6,44.81,135.06,0
23.51,45.65,136.43,1
23.38,46.15,132.56,0
22.98,46.05,123.59,0
23.4,46.12,128.37,0
22.77,45.84,137.71,1
22.97,44.98,119.56,1
22.86,44.91,139.24,0
23.07,44.16,135.94,1
23.95,47.07,139.95,0
22.26,45.24,132.41,0
23.27,44.94,123.13,0
22.33,44.17,135.62,0
22.77,47.97,139.88,0
23.38,43.9,138.16,0
22.95,44.48,130.25,1
22.48,45.26,134.03,0
22.61,45.39,130.97,0
23.15,45.68,129.57,0
22.57,46.47,138.47,0
22.93,45.11,127.74,1
22.85,43.49,129.28,0
22.55,44.23,128.26,1
23.65,44.74,126.36,0
23.03,46.44,134.57,0
21.95,42.92,139.68,0
22.82,45.47,132.97,0
22.46,44.39,126.4,0
23.05,44.99,138.15,0
22.37,44.0,142.41,0
22.62,43.2,130.78,0
22.85,44.74,131.64,0
22.98,44.59,136.64,0
22.13,44.86,142.2,0
22.46,43.82,131.51,0
22.38,43.19,127.48,0
22.29,42.18,137.32,0
23.24,44.5,138.18,1
22.68,44.06,134.24,1
21.99,42.62,131.45,0
22.84,43.0,139.23,0
23.3,43.03,136.92,0
22.85,41.96,130.46,0
21.81,42.58,134.57,1
22.2,42.22,127.59,1
22.88,42.9,137.8,1
22.07,42.53,133.08,0
22.51,41.6,132.24,1
22.62,45.21,134.27,0
21.92,44.4,134.66,0
22.24,42.32,138.95,0
20.95,43.33,137.45,0
21.81,43.44,133.73,0
22.1,44.17,138.35,0
21.68,42.13,136.55,0
22.81,44.0,132.44,1
21.56,42.32,133.96,0
21.94,41.5,133.86,0
22.14,43.52,137.15,0
22.64,44.06,132.8,0
21.47,45.32,132.7,1
22.49,41.5,144.51,0
22.0,43.37,139.38,0
21.58,42.22,130.9,1
22.14,43.39,137.57,1
22.01,41.1,135.32,0
21.67,41.28,136.7,0
21.91,41.74,135.44,0
21.71,42.57,140.72,0
21.88,41.82,136.51,0
22.08,43.09,134.48,1
22.42,43.44,140.02,0
21.27,42.98,135.99,0
22.59,43.98,135.44,0
20.94,42.75,136.41,0
21.63,41.1,134.38,1
21.9,43.66,134.91,0
21.76,41.67,131.94,0
21.37,43.16,131.13,0
21.51,43.8,129.9,0
21.38,42.67,127.94,1
21.31,40.7,130.51,0
21.86,41.26,134.05,0
21.64,43.48,135.44,0
21.2,41.98,133.58,0
21.81,42.21,123.16,0
21.55,42.88,142.82,0
21.73,42.8,140.38,1
21.63,42.37,137.19,0
21.02,41.87,144.5,0
21.1,41.76,130.08,1
21.6,42.92,144.41,0
21.52,42.6,130.15,0
21.24,41.78,136.17,1
21.27,43.12,128.62,0
21.71,41.9,135.06,0
20.94,41.17,136.92,0
21.37,41.26,134.22,0
21.05,41.03,138.56,0
21.02,41.73,135.49,0
21.52,43.24,132.39,0
21.38,41.2,132.17,1
21.35,42.19,139.05,0
21.52,41.34,131.73,0
20.99,41.74,139.58,0
21.23,40.49,141.11,0
20.8,41.78,126.65,0
21.03,41.81,140.66,1
20.83,42.55,145.3,0
20.89,42.24,136.25,0
21.07,40.82,137.99,0
20.48,43.11,140.17,0
21.61,42.24,133.61,0
20.35,42.24,135.89,0
20.24,42.04,128.41,1
21.17,41.54,135.67,0
20.99,42.28,137.46,1
20.9,42.55,137.54,1
20.88,40.34,140.29,1
20.6,41.56,131.08,0
20.22,41.86,132.28,1
20.59,42.38,144.42,0
20.26,43.34,134.18,0
20.9,41.39,135.93,0
20.42,41.68,134.58,1
20.13,41.68,130.8,0
20.3,41.41,143.02,0
20.57,41.88,132.25,0
20.16,43.02,129.25,0
20.03,41.21,132.62,0
20.43,42.72,124.86,1
20.41,40.61,131.6,0
20.08,41.77,130.0,1
20.07,42.03,137.92,0
20.33,44.05,131.45,1
19.64,42.13,139.25,0
19.63,40.23,141.79,0
19.88,40.46,138.69,0
20.06,42.52,133.7,0
20.25,43.12,135.46,0
20.69,42.91,127.12,0
20.42,42.74,134.06,0
19.99,43.76,130.41,0
20.02,42.09,138.17,0
19.6,43.56,147.55,0
19.98,41.06,137.17,0
19.84,41.82,124.7,0
20.07,40.95,132.83,0
19.58,42.52,135.24,1
20.1,42.78,135.04,0
20.48,42.98,130.94,0
19.8,42.96,135.8,0
19.99,42.01,128.34,0
20.08,42.79,129.81,0
19.62,41.52,137.75,0
19.85,44.42,129.42,0
19.74,42.79,137.17,1
19.76,42.65,127.61,0
19.39,44.77,143.26,0
19.68,41.98,130.55,0
19.85,42.14,133.28,1
20.21,42.21,136.03,0
19.99,43.28,131.53,0
20.45,43.83,135.05,0
19.26,44.18,137.19,0
19.9,46.06,139.09,1
19.6,41.28,138.22,0
20.38,44.19,133.38,0
19.17,43.07,133.48,0
19.13,43.09,145.94,0
19.21,43.11,138.92,0
18.58,42.87,129.53,0
19.2,45.51,134.62,0
19.09,44.72,132.42,0
19.43,43.95,133.39,0
19.49,45.33,127.89,0
20.08,42.52,131.95,0
19.7,42.76,143.04,0
19.07,41.96,136.86,0
18.92,43.5,121.48,0
19.46,44.41,139.99,0
18.72,44.41,139.32,1
19.96,44.51,132.05,0
19.68,43.01,137.4,1
19.0,45.28,129.49,1
18.49,44.78,131.41,0
19.7,45.33,141.22,0
19.09,42.76,132.34,0
19.62,45.03,124.32,0
18.47,43.59,133.32,1
18.85,44.44,133.21,0
19.08,45.43,139.57,0
19.08,45.05,133.61,0
18.86,44.17,131.4,1
19.28,45.09,138.7,0
18.59,43.62,134.05,0
18.94,46.36,129.66,0
19.03,45.07,139.15,0
19.17,46.46,134.31,0
19.24,44.88,133.32,0
18.49,44.95,134.16,0
18.31,44.77,127.88,0
19.42,46.48,130.56,0
19.03,44.96,133.18,0
18.58,46.38,132.16,0
19.49,45.43,139.46,0
18.9,43.9,134.14,0
19.32,45.37,137.29,0
18.86,44.84,133.03,0
19.64,46.12,138.23,0
19.51,44.96,134.89,0
18.7,47.15,132.94,0
19.17,46.2,132.76,0
19.03,46.19,128.02,0
19.31,47.09,135.29,0
18.36,47.47,132.51,0
19.01,46.56,130.16,1
19.15,45.88,138.16,0
18.02,44.95,126.34,0
18.24,46.11,130.44,1
17.88,46.26,137.65,0
18.58,47.05,134.04,1
18.97,46.68,132.19,0
19.27,47.78,133.64,0
18.69,46.56,133.24,0
19.3,47.19,124.71,0
18.09,48.5,130.51,0
17.95,47.74,140.29,0
18.61,47.41,128.87,0
18.77,46.95,130.53,1
18.6,46.99,129.37,0
17.78,46.85,131.6,0
18.56,47.24,129.07,0
18.07,48.61,134.38,0
18.85,47.71,132.89,0
18.73,46.66,135.72,0
18.2,49.85,126.55,0
18.36,48.48,130.06,0
18.14,46.84,130.59,1
18.53,47.88,133.95,0
18.93,48.51,127.65,0
18.15,50.18,136.15,0
18.74,47.45,137.46,0
18.32,49.61,126.53,0
18.22,50.11,128.97,0
18.49,48.16,128.72,1
18.11,48.59,144.49,0
18.3,47.91,129.13,0
18.04,48.83,139.62,0
19.3,49.07,124.85,0
18.53,49.85,126.18,0
18.23,50.36,127.65,0
18.59,48.6,126.8,0
18.46,47.46,129.64,0
18.42,49.49,127.38,0
18.75,49.88,126.78,0
18.81,49.92,136.62,0
18.29,49.42,136.89,0
18.27,49.95,135.47,0
18.39,51.42,133.29,0
17.58,50.37,131.08,0
17.89,49.7,128.08,0
19.05,49.65,125.74,0
19.16,50.06,132.27,1
18.4,51.95,124.53,0
18.73,50.21,125.38,1
18.63,50.45,136.06,0
19.74,50.07,139.74,0
18.96,51.73,132.15,0
18.46,52.67,135.66,0
18.13,51.24,128.84,1
17.87,50.95,123.33,0
18.6,50.98,133.02,0
18.22,48.64,132.75,0
17.96,51.85,130.21,0
18.27,51.32,128.58,0
18.1,51.69,134.54,0
19.21,50.63,124.75,0
18.89,51.04,125.75,1
18.54,51.09,124.52,0
19.14,52.6,129.93,0
18.59,51.28,124.01,0
18.21,53.82,125.97,1
19.17,52.24,125.8,0
18.79,50.62,127.97,0
18.16,51.84,121.77,1
18.51,51.39,129.59,0
18.24,49.93,135.33,0
18.04,53.8,129.71,0
18.97,52.98,136.68,1
19.37,52.89,135.58,1
18.06,52.6,132.74,0
18.85,51.12,129.16,0
18.37,52.1,128.84,0
18.45,53.5,132.49,0
18.41,51.68,126.65,1
18.31,50.28,119.13,1
18.69,52.66,130.94,0
18.34,52.82,122.77,0
18.79,53.17,123.55,0
18.68,53.83,128.3,0
18.61,53.82,127.76,0
18.35,53.51,121.11,0
18.5,54.52,128.94,0
19.04,51.88,132.88,0
18.95,53.97,122.34,0
18.37,54.17,134.28,1
18.81,52.37,120.05,1
19.08,52.18,138.38,0
18.12,53.01,125.67,0
19.02,53.16,128.39,0
18.55,54.65,118.14,1
19.06,53.35,127.22,0
18.54,53.18,128.61,0
18.13,53.49,126.97,0
18.22,55.29,124.52,0
18.9,54.25,122.54,0
19.0,54.13,132.86,0
18.55,54.27,127.29,0
19.18,55.73,134.78,1
18.27,53.76,124.37,0
18.92,55.89,124.77,0
18.48,54.85,130.95,0
18.72,54.54,118.69,0
19.01,57.27,120.67,0
18.66,53.78,132.16,0
18.87,54.54,120.75,0
19.44,53.73,117.44,1
18.82,55.97,135.81,0
19.4,56.77,119.43,0
18.63,56.82,127.26,0
19.31,56.43,126.61,0
19.69,55.07,112.15,1
18.15,54.96,124.79,0
18.83,53.72,128.3,0
19.4,57.48,127.77,0
19.1,55.97,130.44,0
19.35,55.07,123.92,0
18.98,56.95,129.35,0
19.27,54.7,122.27,1
19.19,56.14,118.6,0
19.74,55.61,119.09,0
19.39,56.48,118.2,0
19.45,55.83,130.49,1
19.16,54.5,117.8,0
19.15,56.08,126.67,0
19.19,57.1,123.9,0
19.54,56.08,124.64,1
19.24,56.93,131.91,0
19.54,55.16,122.82,0
20.27,56.23,128.0,0
19.81,55.69,125.06,1
19.35,57.11,124.04,0
19.98,56.44,136.23,1
19.36,57.14,117.46,0
18.73,57.59,131.04,0
19.16,57.24,127.8,0
18.84,56.87,122.05,0
19.46,55.64,132.52,0
19.63,56.68,115.06,0
20.32,56.19,121.62,0
19.8,56.43,118.12,0
19.6,56.44,126.15,0
20.04,55.87,118.45,0
18.85,54.94,126.11,1
19.85,56.27,122.94,0
20.08,57.17,121.4,0
19.21,55.66,125.67,0
20.28,57.07,122.31,0
19.98,58.99,118.14,0
19.7,58.15,137.51,1
20.14,58.8,121.0,0
20.82,57.59,112.27,0
20.0,58.4,119.08,0
20.05,56.54,116.88,0
19.79,56.65,127.27,0
19.66,54.59,124.68,0
20.35,58.55,124.99,0
19.7,58.93,121.07,0
20.1,56.87,121.45,0
19.9,57.2,120.92,0
20.31,56.73,122.29,0
20.27,57.89,126.8,0
20.58,58.66,124.23,0
19.98,55.82,124.98,0
20.1,58.0,124.9,0
19.84,57.34,126.75,1
20.08,57.75,123.7,0
20.43,58.12,123.98,0
20.61,57.5,128.05,0
19.96,57.6,118.71,0
20.7,57.51,117.68,0
20.92,58.72,115.96,0
20.57,58.19,122.72,0
21.18,58.01,112.47,0
20.14,56.53,123.97,1
19.98,57.44,121.04,0
19.79,58.74,127.19,0
21.12,57.89,118.08,0
20.81,58.53,120.35,0
20.55,59.65,126.9,0
20.71,58.93,128.13,0
20.17,58.0,117.74,0
21.62,57.41,121.97,1
20.72,55.38,122.46,0
20.74,57.77,122.78,1
21.01,57.62,119.53,0
20.94,58.35,127.17,0
20.86,57.81,111.24,0
20.48,57.65,118.51,0
21.01,56.2,122.78,0
21.6,57.04,122.75,0
21.41,58.47,127.15,0
21.53,59.71,126.31,0
20.72,57.9,118.81,0
20.55,58.33,126.66,0
20.92,58.95,116.52,0
21.02,57.19,124.67,0
21.46,58.37,128.99,0
20.37,57.26,125.94,0
21.68,58.86,120.32,0
21.03,58.15,118.06,0
20.95,58.29,112.0,0
20.74,57.2,121.12,0
20.51,58.69,113.91,0
21.52,60.06,115.45,0
21.25,56.96,113.39,0
20.73,57.62,116.96,0
20.75,58.18,119.05,0
21.16,58.73,120.48,0
21.99,57.37,116.04,0
21.24,55.09,124.31,1
20.77,59.27,117.85,0
21.3,58.66,114.88,0
21.31,56.14,119.87,0
20.36,57.27,128.48,0
21.45,59.43,120.27,0
21.4,59.29,116.7,0
21.8,58.77,110.8,0
22.28,57.63,117.27,0
22.02,57.88,119.47,1
21.48,57.64,116.28,0
21.17,58.88,109.82,0
22.67,56.86,113.82,0
21.69,56.91,125.27,1
21.69,58.7,125.09,0
21.7,57.63,113.41,0
21.81,59.03,121.14,0
21.7,56.95,111.81,0
21.55,57.54,124.65,0
21.59,56.65,118.78,0
21.82,57.55,122.22,0
21.64,56.04,108.83,0
21.59,57.0,120.72,0
21.94,56.03,117.22,0
21.82,58.13,121.44,0
22.55,58.12,121.68,1
20.91,55.64,117.36,1
22.43,58.68,113.96,0
22.51,59.81,120.79,1
21.21,57.32,116.51,0
21.92,56.6,112.38,0
21.93,60.03,112.07,0
21.54,55.86,109.21,0
21.82,57.16,113.97,0
21.71,57.28,121.96,0
22.87,58.41,117.26,0
22.57,57.39,113.65,0
22.73,56.49,120.25,1
22.53,56.0,111.99,1
21.81,56.57,116.56,0
22.07,55.86,115.11,0
22.5,56.88,119.84,0
21.84,56.22,107.98,0
22.63,55.25,111.54,0
22.27,57.95,107.53,0
22.24,56.16,114.35,0
22.69,55.34,121.64,0
22.61,56.4,112.98,1
22.3,56.59,112.88,0
22.93,54.73,119.72,0
22.06,56.76,120.64,0
22.76,55.33,114.78,1
22.77,58.04,118.58,0
22.43,56.8,109.7,0
22.7,55.83,121.9,0
22.09,55.43,125.68,0
22.98,56.02,117.48,0
22.55,56.69,104.38,0
22.44,56.0,111.94,0
23.08,55.75,117.72,0
22.4,55.98,112.48,0
22.14,55.26,120.88,0
22.1,55.47,117.39,0
22.98,53.67,110.85,0
22.24,56.67,114.47,0
23.47,55.94,109.77,0
21.96,54.81,113.26,0
23.49,57.42,111.33,0
22.91,55.56,119.91,0
22.8,54.37,124.54,0
22.64,56.21,106.74,0
23.03,55.69,104.21,0
22.88,55.62,112.53,1
23.35,54.74,106.1,0
22.97,55.56,113.85,0
23.0,54.78,117.3,0
22.81,55.54,120.96,0
22.95,53.02,114.43,0
23.11,54.42,112.39,0
22.32,56.52,103.39,0
22.48,53.96,113.35,0
23.33,54.06,113.51,0
23.11,54.15,116.28,0
22.99,53.32,109.48,0
23.08,52.26,110.78,0
23.23,54.17,105.5,0
22.89,54.47,101.36,1
22.8,54.21,107.21,0
23.21,54.05,104.84,0
22.75,54.17,114.31,0
23.32,55.08,109.97,0
22.49,53.8,109.8,0
23.59,53.35,107.51,0
23.38,53.57,96.2,0
23.31,54.36,119.84,0
23.61,55.12,107.23,0
23.89,53.01,110.11,0
23.64,53.67,104.83,0
22.51,53.84,116.9,0
22.75,52.43,112.7,0
23.02,53.37,107.78,0
23.29,51.81,109.89,0
23.5,51.44,120.18,0
23.01,53.5,111.36,0
23.38,52.68,110.76,0
23.02,53.19,106.9,0
23.08,52.89,102.07,0
22.77,51.86,110.68,0
22.98,52.72,113.04,0
22.81,51.45,116.85,0
22.97,54.0,100.05,0
23.79,51.18,105.61,0
23.0,52.26,108.27,1
24.44,51.34,111.1,0
23.59,52.88,110.33,1
23.47,51.9,110.38,0
23.06,51.63,112.97,1
23.69,52.93,106.36,0
23.19,52.03,115.48,1
23.48,52.44,112.92,0
24.46,50.86,109.1,0
23.4,50.36,118.64,0
23.9,51.79,118.36,1
23.17,51.29,115.18,0
23.44,52.16,95.37,0
24.17,51.37,118.3,0
23.21,51.58,114.32,0
24.19,49.67,120.32,0
23.75,53.1,116.42,0
23.25,50.97,118.07,1
23.73,51.75,114.51,1
23.87,50.14,116.81,0
23.73,51.21,119.98,0
22.86,49.52,111.03,0
23.2,51.19,102.03,0
23.39,50.3,108.3,0
23.46,50.61,111.73,0
23.74,51.2,110.1,0
23.57,49.19,103.44,1
22.96,49.65,101.47,1
23.65,50.72,105.86,0
23.74,52.28,113.55,1
23.72,49.96,117.36,0
23.93,50.61,113.99,0
23.83,49.83,114.64,0
23.68,51.8,108.9,0
23.47,48.03,100.54,0
22.83,49.79,106.92,0
23.67,47.99,107.85,0
23.58,47.03,106.61,0
23.6,49.76,109.31,0
22.98,49.52,111.2,0
23.06,49.02,113.2,0
23.91,49.11,107.5,0
23.47,52.24,99.32,0
23.76,48.8,106.37,0
23.49,49.49,108.96,1
23.49,48.25,114.8,0
23.85,49.12,105.8,0
23.26,48.51,111.15,0
23.5,48.25,109.99,0
23.28,50.41,108.71,0
23.28,49.68,113.1,0
23.33,48.57,105.09,0
23.54,46.05,105.48,0
23.25,47.91,108.24,0
23.94,50.9,105.06,1
23.07,47.89,110.75,0
23.35,49.14,104.6,1
23.24,49.4,109.25,0
23.99,48.1,107.57,0
23.48,46.97,109.1,0
23.81,45.3,105.68,0
22.8,48.34,106.24,0
23.49,46.76,108.37,0
23.73,47.68,108.86,0
23.4,46.18,107.78,0
23.79,47.08,116.29,0
23.14,47.31,102.77,0
23.91,47.47,107.35,1
24.25,46.01,99.77,1
23.18,48.25,109.45,0
23.14,46.38,101.97,0
23.89,45.23,106.12,0
23.93,46.72,105.61,0
23.08,46.79,108.83,1
23.11,46.84,104.62,0
23.15,47.97,104.37,0
22.72,46.3,114.48,0
22.88,46.35,108.69,0
22.83,45.29,104.42,1
22.91,47.14,105.93,0
23.19,46.44,115.37,0
23.29,45.76,105.93,0
23.8,44.21,103.62,0
22.77,47.49,103.61,0
23.55,44.74,104.25,1
23.06,45.31,103.98,0
23.11,46.19,100.52,0
23.39,44.57,101.26,0
22.66,44.2,102.7,0
23.25,43.51,109.77,1
23.15,46.29,104.87,0
23.26,44.95,105.7,0
23.17,48.36,113.06,0
24.02,44.37,113.15,0
22.77,44.38,105.23,0
22.8,44.67,103.45,1
22.74,45.42,102.25,1
22.76,44.64,110.0,0
22.71,45.66,105.48,0
23.42,44.01,104.54,1
23.5,43.54,102.37,0
22.69,43.06,102.56,0
22.57,42.58,107.98,0
23.07,44.22,99.77,0
22.65,44.38,111.29,0
23.1,43.99,103.61,0
22.91,45.8,105.5,0
22.21,45.73,99.54,0
23.42,44.11,106.13,0
23.5,42.59,104.52,0
22.52,43.76,105.88,0
22.59,43.67,113.47,0
22.84,43.56,106.97,0
22.84,43.47,102.08,0
22.95,43.46,102.47,1
23.48,43.67,108.97,0
22.58,43.37,112.46,0
22.32,44.16,107.35,1
22.06,44.26,109.36,0
22.3,42.93,108.94,1
22.56,45.07,112.96,0
23.28,42.76,96.09,0
22.33,42.08,109.15,0
22.61,44.03,110.71,0
22.49,42.78,99.07,0
22.95,43.87,101.32,0
23.47,41.1,101.47,0
22.23,44.85,102.06,0
22.22,44.08,103.27,0
22.81,41.87,106.87,0
22.65,41.84,109.96,0
23.09,44.95,111.02,0
22.57,42.5,101.4,0
22.17,42.36,101.35,0
22.53,40.88,112.13,0
22.71,42.76,108.76,0
22.58,42.84,105.92,1
22.43,43.75,107.86,0
22.63,41.59,105.32,0
22.65,41.43,108.08,0
22.71,43.37,103.75,0
22.4,43.89,106.76,0
22.05,41.27,97.85,1
22.15,43.89,101.94,0
22.55,42.81,101.98,0
21.72,43.83,103.48,1
22.17,42.63,100.7,0
21.85,40.15,102.65,0
21.99,42.49,97.73,0
22.47,43.67,108.03,0
22.01,41.69,104.86,0
21.93,42.16,96.73,0
21.34,42.35,101.07,0
22.16,39.59,106.92,0
22.1,44.14,102.5,1
22.68,41.54,101.72,0
21.67,42.92,104.82,0
21.86,42.3,106.9,0
21.85,43.62,97.99,0
22.35,42.75,107.91,0
21.66,42.08,101.15,0
21.79,41.4,105.05,0
21.89,43.07,104.95,0
21.7,40.38,102.48,0
21.42,42.88,99.99,1
21.65,41.12,103.67,0
21.98,43.45,113.22,0
21.12,42.34,98.28,0
21.56,42.81,113.54,0
21.2,42.23,103.77,0
21.93,40.38,105.24,0
20.82,41.26,99.62,0
21.18,42.78,101.19,0
21.53,42.26,102.53,0
21.98,43.26,99.81,1
21.31,42.47,103.99,1
21.08,41.09,102.99,0
22.03,41.25,114.28,0
20.68,42.15,99.19,0
20.35,39.72,105.53,0
21.38,43.7,106.25,0
20.98,42.46,99.66,0
20.75,43.24,108.44,1
21.42,40.43,103.01,0
21.2,43.25,92.54,1
20.86,44.24,108.3,1
20.55,40.68,99.42,0
21.38,42.77,99.76,0
21.27,42.0,108.44,0
20.94,40.46,103.26,0
21.7,42.49,109.59,0
20.5,42.84,111.05,0
20.3,41.4,101.78,0
20.61,43.17,108.97,0
20.84,40.35,101.23,0
20.93,40.52,116.17,0
20.71,42.16,101.55,0
20.92,42.06,110.14,0
20.26,41.32,109.24,1
21.31,42.86,106.6,0
20.67,42.59,101.67,0
21.13,42.92,104.27,0
20.8,41.95,94.27,0
20.82,42.69,106.16,0
20.84,41.65,106.79,0
20.76,44.17,105.72,0
20.82,41.31,90.19,0
21.07,44.24,98.74,1
20.59,42.19,101.33,0
20.77,40.8,106.54,0
20.43,43.56,106.54,0
21.01,42.33,104.25,1
20.14,43.08,108.28,0
21.11,43.47,99.98,1
20.35,42.6,108.17,0
19.77,41.69,107.51,0
20.37,43.28,107.03,0
20.02,42.33,104.24,0
20.6,43.04,114.32,0
19.98,40.22,107.64,1
20.04,42.85,100.35,0
19.44,41.79,106.44,0
19.99,44.1,108.98,0
19.18,43.1,102.28,0
19.49,42.74,110.68,0
20.41,43.02,107.16,0
20.39,41.56,93.55,0
20.23,44.22,106.78,0
19.65,44.61,103.26,0
19.99,43.05,108.0,1
19.99,44.28,110.05,0
19.5,42.15,106.32,1
20.54,41.96,113.68,0
20.27,42.83,104.48,0
19.81,43.26,108.51,0
19.88,42.46,109.43,0
19.94,43.43,104.94,1
19.01,43.24,109.34,0
19.71,41.97,102.49,0
19.51,43.53,103.37,0
19.36,43.91,98.94,0
19.63,43.26,106.73,1
20.44,44.28,107.16,0
19.96,41.95,111.45,0
19.45,43.68,109.53,0
19.89,42.08,104.18,1
20.2,42.18,99.73,0
19.98,42.71,107.81,0
19.62,42.44,111.22,0
19.31,42.88,109.46,0
19.83,43.26,111.13,1
19.69,44.36,104.67,1
19.87,43.25,103.42,0
19.75,42.03,102.09,0
19.89,44.81,105.52,0
19.24,42.88,105.43,0
19.96,43.71,106.89,0
19.49,44.26,105.23,0
20.22,44.07,105.23,0
19.1,45.01,102.04,0
20.05,44.45,110.66,0
19.42,43.16,106.36,0
19.06,46.26,105.14,1
19.11,44.33,102.3,0
19.15,44.04,99.4,0
19.43,45.21,112.63,0
19.46,44.55,108.89,0
19.0,44.75,98.03,0
19.2,46.9,109.99,0
20.05,44.19,110.82,0
19.87,44.21,106.86,0
19.33,44.7,114.26,1
19.16,45.72,107.38,0
19.17,43.2,99.24,1
19.36,42.8,108.18,0
18.68,44.24,107.61,0
18.97,43.25,103.4,0
18.39,44.52,109.32,0
19.21,45.51,98.15,0
19.29,44.18,111.47,0
18.82,43.71,102.16,0
19.63,45.27,101.66,0
18.49,46.13,106.05,0
18.38,43.63,108.82,0
19.05,46.21,107.51,0
19.36,46.28,103.01,0
19.6,46.48,104.23,0
18.73,46.81,101.13,0
19.33,47.86,105.7,0
18.87,45.37,112.24,0
18.8,45.9,106.88,0
19.21,45.45,111.23,0
19.11,45.93,114.25,0
18.2,47.53,104.07,0
19.41,44.73,106.11,1
19.36,45.28,117.94,0
18.55,47.59,114.35,0
18.94,47.3,98.8,0
18.97,45.99,109.14,0
18.87,47.28,107.24,0
18.53,46.84,111.41,0
18.47,48.07,103.6,1
18.72,46.71,103.16,0
19.19,47.74,104.02,0
18.93,49.43,104.58,0
18.55,47.46,111.56,1
19.0,46.98,101.62,0
17.54,47.73,104.45,0
19.13,46.72,98.66,0
17.97,49.54,112.69,0
18.51,47.41,114.05,0
18.2,47.03,106.1,1
18.12,46.55,106.29,0
19.09,48.55,110.09,0
18.43,48.4,115.24,1
18.75,47.11,109.96,0
18.59,48.26,104.47,0
18.79,46.25,99.91,0
18.62,48.02,102.47,0
18.07,48.37,108.46,0
18.98,49.7,104.86,1
18.38,47.3,109.16,0
17.95,46.87,105.47,0
18.39,47.33,102.99,0
19.16,46.97,102.44,0
18.89,49.72,116.18,0
18.41,50.01,112.86,0
18.4,48.86,117.12,0
18.41,49.84,111.21,0
19.36,48.83,106.41,0
18.68,48.68,115.23,0
18.7,48.52,108.5,0
18.93,48.63,109.81,0
18.61,47.47,108.55,0
18.41,49.36,94.07,0
18.43,49.13,116.88,0
18.48,50.0,111.36,0
18.49,49.43,110.61,0
18.8,49.25,108.7,0
18.53,48.62,109.88,0
18.8,49.65,106.13,0
18.47,50.39,112.25,0
18.53,48.59,102.68,0
17.7,49.9,110.2,0
18.87,50.13,112.13,0
18.64,49.25,108.38,0
18.9,49.47,111.28,0
17.34,50.36,104.53,0
19.34,49.08,104.71,0
18.45,50.64,110.77,0
18.95,49.48,113.04,0
18.09,51.52,100.32,0
18.75,52.87,112.36,0
18.09,49.75,107.09,0
18.26,51.23,108.9,1
19.28,50.05,103.22,0
18.44,51.89,105.72,1
18.6,49.67,114.86,0
18.87,51.49,110.25,0
18.72,50.22,108.23,0
18.59,50.96,109.62,0
18.68,50.22,112.7,0
19.5,52.15,112.52,1
18.52,50.57,110.0,0
18.62,52.04,115.89,0
18.97,51.22,115.34,0
19.0,51.53,112.61,1
19.03,51.87,110.88,0
18.82,51.04,113.95,0
18.11,52.09,112.29,0
19.23,53.48,116.08,0
18.12,51.25,115.34,0
18.71,53.28,105.81,0
18.29,53.68,105.53,0
18.58,51.45,107.51,0
18.74,50.88,115.96,0
18.75,52.72,103.26,0
18.79,51.94,113.17,1
19.28,54.44,113.07,1
18.82,52.68,117.13,0
18.55,51.92,112.28,0
19.04,51.65,104.73,0
19.14,53.96,106.71,0
18.18,52.37,105.66,0
18.92,53.06,108.94,0
18.97,54.05,110.78,0
18.58,52.68,105.93,0
19.26,53.19,119.17,0
18.66,53.29,105.25,0
18.78,54.07,118.67,0
18.68,54.05,117.93,0
18.76,53.31,116.56,0
18.33,53.66,108.66,0
18.2,53.3,113.91,0
19.43,52.26,105.87,0
18.46,54.07,116.88,0
18.42,55.77,112.02,0
17.97,53.07,110.41,0
18.58,53.25,106.4,0
18.32,53.22,100.2,0
19.52,54.88,107.46,0
19.28,54.68,118.28,0
18.62,54.14,110.77,1
19.81,53.44,112.0,0
19.31,54.52,116.19,0
18.8,52.93,122.01,1
17.95,54.71,119.67,0
19.88,55.5,108.25,0
18.42,53.44,103.47,0
18.33,53.22,125.04,0
19.41,56.4,124.66,0
20.0,54.27,114.32,0
19.59,56.08,107.1,0
19.28,54.86,118.33,0
19.3,54.91,113.04,0
19.42,55.57,113.09,0
19.4,54.31,118.19,0
19.23,55.39,115.46,1
19.17,54.93,107.93,0
19.12,54.05,112.3,0
18.86,55.77,117.3,0
19.07,55.23,116.61,0
18.52,55.39,115.44,0
19.18,54.4,118.87,0
18.84,57.26,112.46,0
18.81,56.6,115.23,0
19.34,56.74,97.53,1
19.85,55.53,112.23,0
19.67,54.16,118.37,0
18.7,57.89,112.67,0
18.95,55.93,112.36,0
19.74,55.3,109.55,0
18.99,56.51,119.85,1
19.31,57.32,117.64,0
19.64,56.18,119.1,0
19.05,57.53,106.41,0
19.5,57.38,114.31,1
18.95,55.27,113.78,0
19.26,55.72,113.85,1
19.65,57.4,112.24,1
18.9,53.78,113.67,0
19.74,56.39,119.72,0
19.57,55.15,105.97,0
19.82,56.15,124.5,0
19.71,56.38,118.1,0
20.19,56.36,115.54,0
19.71,56.21,120.36,0
19.51,55.71,108.64,0
19.76,59.14,112.65,0
19.94,58.75,115.44,0
19.77,55.76,122.94,0
19.79,58.55,115.96,0
19.51,56.61,118.51,0
19.55,57.17,113.38,0
19.28,57.02,118.84,0
20.56,56.46,124.86,1
19.38,58.14,121.53,0
19.63,57.32,116.22,0
19.64,56.75,120.08,0
20.31,55.95,119.66,0
19.85,56.4,119.38,1
20.49,55.68,122.48,0
19.75,57.37,122.51,0
20.15,56.19,116.43,0
19.73,57.15,120.35,0
20.94,58.82,115.3,0
19.64,58.68,112.67,0
20.26,57.47,116.01,0
20.41,57.44,117.05,0
20.35,59.44,109.2,0
20.13,58.1,121.88,0
20.18,57.28,103.82,0
20.27,56.21,131.3,0
20.22,58.05,125.31,0
20.69,58.51,116.57,0
21.21,57.07,118.0,1
20.12,58.01,119.54,0
19.82,57.38,115.15,1
20.36,57.58,119.14,0
21.45,55.29,117.53,0
20.12,57.58,117.85,0
21.12,58.79,119.31,0
21.16,57.2,111.91,0
20.3,57.9,118.75,0
20.77,57.11,119.44,0
21.22,58.24,119.34,1
20.44,57.68,117.69,0
20.54,56.97,124.54,0
20.41,59.25,117.15,0
20.26,58.86,120.13,0
20.43,57.33,125.56,0
20.23,58.45,118.75,0
20.75,58.49,120.29,0
20.46,58.61,118.81,1
20.88,56.28,125.56,0
20.19,58.98,118.16,0
20.97,57.41,125.94,0
21.2,57.63,119.08,0
20.09,60.63,115.37,1
21.06,58.3,123.14,0
21.43,57.61,118.3,0
20.48,55.79,123.0,0
21.66,59.39,106.32,0
21.18,56.65,120.07,0
20.76,57.0,117.82,0
21.04,57.67,114.88,0
21.31,59.41,117.5,0
21.15,58.76,117.48,0
21.36,57.83,120.18,0
20.8,58.29,113.66,0
21.26,57.38,122.15,0
20.65,58.11,127.48,0
21.2,58.04,122.13,0
20.9,58.92,124.84,1
21.0,58.91,126.34,0
21.81,58.43,127.13,0
21.78,57.56,130.37,0
21.61,58.66,118.6,1
20.95,57.81,117.58,0
21.29,56.81,125.16,1
21.92,57.47,124.86,0
21.52,57.95,125.27,0
22.42,58.76,130.92,0
21.67,57.65,121.6,0
21.61,56.6,123.75,0
21.44,57.85,116.79,0
21.64,57.89,132.44,0
21.55,57.94,120.16,0
21.92,58.66,120.38,0
22.04,58.74,120.26,1
21.37,57.1,118.84,0
21.17,57.06,118.49,0
21.0,56.61,119.59,0
21.96,58.33,115.46,0
21.34,59.05,118.44,0
20.94,57.26,132.18,0
21.98,57.31,126.19,0
22.85,58.99,127.21,1
21.87,58.0,128.54,0
22.23,57.91,131.9,0
21.95,56.25,113.95,0
21.9,58.09,116.73,1
22.33,56.45,118.93,1
21.87,56.21,120.68,0
22.12,56.97,121.6,0
22.16,56.7,120.94,0
21.79,57.03,124.34,0
22.48,55.78,123.5,0
22.03,58.14,119.78,0
21.82,58.27,112.59,1
22.36,55.16,118.57,0
21.81,58.05,120.86,0
22.2,56.22,122.45,0
22.21,57.85,118.11,0
22.67,56.89,121.37,1
22.45,56.95,118.25,0
22.27,56.69,123.34,0
22.63,58.05,118.68,0
22.88,55.55,119.87,0
22.56,57.36,117.65,0
22.37,57.81,123.49,0
21.86,57.38,120.0,0
21.98,58.94,128.94,0
22.3,56.05,126.51,0
22.2,57.49,124.2,0
22.39,56.38,120.63,0
22.51,57.67,126.59,0
22.72,56.38,128.22,0
22.5,55.95,125.55,0
22.74,57.6,132.92,1
22.59,55.75,127.27,0
21.79,54.78,129.61,0
22.23,55.62,125.79,0
22.56,56.71,128.57,0
22.16,57.43,121.27,0
22.9,56.09,123.04,1
23.29,57.25,127.15,0
23.18,54.52,127.18,0
22.63,55.38,128.08,0
23.33,55.48,131.11,1
22.81,55.59,118.55,0
22.63,55.74,120.87,0
22.54,56.29,126.96,0
22.68,55.09,122.26,0
22.67,55.62,142.84,0
22.91,55.38,128.6,0
22.92,54.44,125.7,0
22.87,55.19,123.58,0
23.06,55.1,123.83,0
23.38,55.02,126.45,0
23.3,55.15,126.92,0
22.34,55.13,124.15,0
21.93,54.56,125.13,0
23.34,56.21,133.29,0
22.44,53.7,133.56,0
22.91,54.09,127.96,1
22.55,57.52,120.06,1
22.31,53.64,129.53,0
23.26,53.26,134.67,0
23.36,55.28,133.82,0
22.84,52.4,130.71,1
22.05,54.18,134.21,0
22.88,56.49,127.43,0
23.27,52.73,130.37,0
22.53,52.23,123.89,1
23.21,52.64,128.83,0
23.15,54.97,134.08,0
23.4,55.13,124.55,0
23.22,53.42,123.25,0
22.8,54.55,128.11,0
23.68,55.19,126.56,1
23.15,55.51,131.0,1
23.21,53.41,125.55,0
22.86,51.28,136.47,0
23.07,52.69,121.5,0
22.9,53.01,134.28,0
23.2,53.11,124.25,1
23.96,53.11,119.15,0
22.74,54.34,129.39,0
22.65,54.42,126.99,1
23.9,52.9,122.77,0
23.23,54.1,119.98,0
23.06,53.28,128.41,1
23.75,52.92,133.39,0
23.1,53.68,131.5,0
24.08,52.77,128.92,0
23.63,54.68,131.09,0
23.17,51.11,128.62,0
24.24,51.96,121.67,0
23.14,52.27,121.77,0
23.69,52.76,127.92,0
23.52,53.51,128.19,0
23.93,52.14,133.31,0
24.04,50.67,132.9,1
23.43,52.86,132.2,0
23.12,52.69,127.83,0
23.62,49.92,122.39,0
23.17,51.78,131.41,0
24.25,50.11,132.04,0
23.5,50.96,117.53,0
23.31,50.64,125.36,0
23.53,52.28,126.13,0
22.92,51.5,130.23,1
23.08,50.02,125.68,0
23.95,52.11,129.57,1
23.21,49.72,128.76,0
23.06,51.4,129.07,0
23.7,50.18,126.35,0
23.96,50.55,126.79,0
23.77,51.34,124.64,1
23.89,51.28,131.99,0
23.19,52.01,133.01,0
22.92,50.51,126.35,0
24.1,50.82,137.86,0
23.37,50.0,128.74,0
23.4,50.54,138.02,0
24.03,50.71,127.21,0
23.72,50.1,120.34,0
23.68,48.31,132.54,1
24.37,50.37,131.83,0
23.24,50.32,130.81,0
23.87,49.19,127.48,0
23.52,48.51,130.57,1
23.61,51.19,128.24,0
24.11,50.13,129.33,0
23.7,49.33,135.11,0
23.71,48.34,131.87,0
23.92,48.57,134.05,0
23.34,50.62,129.89,0
23.15,49.37,129.39,0
23.07,48.61,125.38,0
22.7,49.59,129.35,0
24.3,48.18,114.65,0
23.04,50.42,128.35,1
23.39,50.19,130.94,1
23.36,48.29,134.22,0
23.59,48.05,130.1,0
23.79,45.98,133.23,0
23.8,47.04,120.65,0
23.22,47.1,131.31,0
23.38,48.5,123.24,1
23.56,47.96,125.65,0
23.34,46.86,130.8,0
24.07,47.85,138.16,0
23.62,48.56,133.68,0
23.71,48.5,131.96,0
23.68,46.0,131.82,1
23.87,47.69,128.4,0
23.47,46.36,129.29,0
22.87,48.57,134.19,0
23.54,48.38,125.17,0
23.12,46.62,135.11,0
23.16,46.67,130.24,0
23.59,46.9,136.36,0
23.85,45.04,137.08,0
23.35,47.55,123.95,0
23.46,46.87,129.45,0
24.01,48.03,128.12,0
23.41,45.89,123.38,0
24.35,46.3,127.32,0
23.52,45.34,144.73,0
22.58,45.76,135.61,0
23.58,45.51,142.19,0
23.42,47.62,136.79,0
23.77,45.85,128.98,0
23.51,46.6,130.82,1
23.18,46.03,135.71,1
22.73,45.07,134.99,1
23.13,46.1,129.96,0
22.86,46.79,125.33,0
22.95,44.92,149.36,0
23.41,46.86,132.26,0
23.83,45.14,131.37,0
23.31,45.43,133.6,0
22.66,46.38,131.86,0
23.3,45.12,133.72,0
23.59,45.75,139.58,0
22.85,45.33,132.56,0
23.03,45.71,127.4,0
23.08,43.13,132.44,0
22.74,43.62,130.97,1
23.3,46.0,140.44,0
22.98,46.35,139.21,0
23.18,44.34,133.93,1
22.64,44.94,127.03,0
22.81,45.42,127.33,0
23.26,45.75,133.57,0
22.8,42.97,135.2,0
23.63,44.05,131.68,0
22.76,44.54,131.19,0
22.99,45.51,130.65,0
23.26,47.25,133.53,0
22.3,44.46,121.77,0
22.15,43.22,128.2,0
22.23,44.97,130.61,0
23.32,45.83,139.81,0
22.58,44.56,129.73,0
23.81,43.49,134.73,0
22.54,45.3,134.99,1
22.82,44.95,140.38,0
23.35,43.2,140.23,0
23.52,44.56,133.66,0
23.52,45.12,131.59,0
23.16,45.25,130.68,0
23.07,43.95,132.82,0
22.88,43.6,131.88,0
22.93,45.13,136.85,1
22.38,42.65,136.21,0
22.25,44.24,137.09,0
22.56,42.38,140.45,0
22.47,44.77,143.49,0
22.34,43.4,134.83,1
22.78,44.88,139.72,0
22.86,44.05,132.49,0
22.5,42.29,140.2,0
23.03,44.89,139.6,0
21.97,44.97,139.36,0
22.32,44.26,134.81,0
22.09,42.57,131.02,0
21.61,42.98,127.41,0
22.31,43.39,134.21,0
22.27,42.5,142.09,0
22.9,44.85,132.9,0
22.53,43.26,138.39,0
21.84,40.37,138.71,0
22.97,43.38,133.09,0
22.7,42.65,141.11,0
22.42,42.89,120.0,0
22.07,42.55,128.45,1
21.76,43.69,130.0,0
21.97,43.97,130.5,0
22.53,43.1,136.29,0
22.83,42.44,136.08,0
22.67,42.7,136.62,1
21.84,42.73,137.64,1
21.56,41.88,129.93,0
22.04,43.23,128.6,0
21.25,43.08,136.69,0
22.07,44.13,131.57,0
21.86,43.81,126.88,0
21.71,41.84,139.61,0
21.23,43.32,141.74,0
22.05,41.52,142.56,1
21.61,43.14,135.73,1
21.33,41.9,137.93,1
20.63,41.37,141.66,0
21.74,42.65,131.62,0
22.44,39.67,140.39,0
22.37,40.57,136.23,0
21.5,42.12,139.43,0
21.41,42.36,135.8,0
21.82,41.89,141.36,0
21.21,40.66,136.01,0
21.7,41.4,127.48,0
21.86,42.59,142.16,0
22.02,42.77,130.18,0
21.47,42.15,141.19,0
21.4,43.31,134.48,0
21.11,42.53,140.82,1
21.1,41.37,140.62,0
21.32,41.83,137.1,0
21.53,40.69,137.5,0
21.73,41.98,137.07,0
21.01,43.18,124.9,0
21.91,42.75,135.56,1
21.18,43.45,129.39,1
21.25,41.74,135.84,0
20.94,43.38,129.27,0
20.24,41.84,129.06,0
21.54,43.49,143.01,0
21.46,41.99,140.34,0
21.02,42.72,134.97,0
21.14,43.48,135.92,0
21.29,41.81,133.76,0
20.44,42.22,137.85,0
20.83,43.29,131.62,0
21.33,41.87,139.97,0
20.49,40.68,133.73,0
21.08,44.14,132.9,0
20.39,41.53,135.11,0
21.1,42.16,132.04,0
20.87,43.16,136.64,0
20.22,41.4,132.31,0
21.3,41.01,137.33,0
20.52,42.28,141.07,0
20.46,40.24,131.39,0
20.84,41.75,134.33,0
21.2,42.29,137.29,0
20.31,41.78,132.8,0
20.71,40.52,137.29,0
20.83,43.67,137.74,1
20.92,42.19,140.38,0
20.68,43.53,131.92,0
20.44,41.85,130.23,0
20.23,41.24,133.4,0
20.57,42.41,130.1,0
20.09,41.94,137.75,0
19.32,40.99,129.11,0
20.64,43.65,146.58,0
20.8,41.58,141.38,0
19.47,40.38,134.96,0
19.99,43.57,139.22,1
20.62,41.75,126.69,0
21.17,41.67,147.49,0
20.33,40.54,131.91,1
20.01,44.06,134.25,0
20.2,41.06,125.56,0
20.8,42.43,137.26,1
19.97,43.31,129.28,0
19.88,42.84,135.31,0
19.98,42.39,132.07,0
19.77,40.77,129.39,0
20.18,41.69,130.74,0
20.76,42.72,135.88,0
20.21,41.77,128.33,1
19.96,42.79,130.98,1
19.92,43.3,138.02,1
19.39,43.61,147.71,0
20.34,41.45,137.07,1
19.94,44.91,130.08,0
19.87,43.51,132.81,0
21.2,42.78,134.79,0
20.02,43.9,132.87,0
19.58,45.22,139.11,0
19.69,41.45,135.67,0
20.29,42.7,139.1,0
19.86,40.58,132.97,0
19.21,43.19,141.15,0
20.14,43.4,133.67,1
19.48,43.04,129.63,0
20.47,42.46,145.35,0
20.14,41.11,125.32,0
19.5,43.58,130.73,0
20.17,44.7,131.27,1
19.67,42.7,146.93,0
19.96,43.77,143.4,0
19.79,41.81,141.81,0
19.24,43.88,132.66,1
19.3,43.07,146.43,0
19.95,42.75,136.11,0
19.38,42.8,139.14,0
19.33,43.22,135.12,0
19.09,44.04,133.95,1
19.63,42.39,132.92,1
20.26,43.36,133.1,1
18.99,43.76,137.17,1
19.41,42.76,135.94,0
19.94,45.71,133.92,0
19.33,43.11,141.6,0
19.52,43.34,119.19,0
18.9,43.09,136.55,0
19.48,45.92,137.56,0
19.21,44.73,139.68,1
19.66,43.29,133.59,0
19.73,45.39,134.93,1
20.27,44.54,138.79,0
19.45,44.66,141.29,0
19.33,44.11,132.3,0
19.26,43.77,135.11,0
19.02,44.91,142.13,0
19.28,44.09,123.09,0
19.01,46.51,130.23,0
19.18,43.48,140.98,0
19.62,46.35,139.08,0
18.68,44.76,136.2,0
19.52,45.23,131.31,0
19.58,45.83,129.11,0
18.99,44.43,130.53,0
18.17,45.99,141.2,0
18.76,42.48,130.28,0
19.51,44.53,133.9,0
18.96,44.39,129.59,0
18.56,44.13,137.53,0
18.74,45.23,130.59,0
19.27,45.9,132.76,0
19.13,46.28,124.8,0
18.81,45.89,125.11,0
18.74,45.05,133.18,0
18.72,46.15,126.48,0
18.49,45.97,143.6,0
19.5,46.85,122.73,1
18.71,46.76,129.0,0
19.31,46.09,133.04,1
19.42,45.23,131.1,0
19.2,45.54,127.36,0
18.62,45.72,128.06,0
18.94,46.02,127.85,0
18.76,46.68,131.33,0
18.39,47.2,142.49,0
18.87,46.5,133.08,0
18.26,46.64,138.56,0
19.2,46.84,135.14,0
18.53,46.26,138.14,0
18.78,45.92,118.52,0
18.81,45.16,130.96,0
18.58,46.3,138.98,0
18.91,47.54,129.54,0
18.48,46.44,141.17,0
19.0,46.98,139.73,0
18.11,47.76,129.93,0
18.69,47.89,129.71,0
19.41,46.36,127.12,0
18.22,48.52,128.99,0
18.34,48.72,125.93,0
18.81,46.54,134.2,0
18.67,46.92,124.73,0
18.73,49.02,134.98,0
18.78,47.76,135.06,1
18.83,45.76,123.56,0
19.02,46.66,139.57,1
18.73,47.89,134.35,0
18.47,47.05,135.48,0
18.83,47.88,127.89,0
19.31,48.4,134.75,0
18.49,49.91,137.22,1
18.15,48.24,131.05,0
18.98,49.68,141.5,1
18.49,50.11,131.67,0
17.66,50.2,137.1,0
18.87,49.13,132.81,1
18.31,46.96,134.23,0
18.48,49.46,122.89,1
18.65,50.13,133.06,0
18.59,49.08,127.48,0
18.8,50.98,126.87,0
18.33,50.18,139.77,1
18.71,49.97,129.93,0
18.4,50.56,125.93,0
18.8,49.89,129.1,0
18.75,47.14,124.34,0
18.13,49.22,137.96,0
18.94,50.99,127.26,0
18.29,49.07,133.33,0
18.82,49.73,137.42,0
18.65,48.99,128.08,0
19.24,51.9,133.19,0
18.41,51.88,125.32,0
18.36,49.39,142.65,0
18.49,50.5,135.05,1
18.38,49.76,129.35,0
18.83,51.13,126.39,0
17.86,51.11,129.63,1
18.09,51.49,128.45,0
18.08,51.09,139.86,0
18.89,53.77,123.91,1
19.2,49.89,130.66,0
18.48,49.28,129.83,1
18.46,50.68,129.28,0
18.55,49.59,129.27,0
18.99,49.74,129.17,0
18.16,50.31,134.06,0
18.63,50.47,132.69,0
18.93,50.51,131.68,0
18.75,52.07,114.36,0
18.63,51.12,130.97,0
18.96,51.53,121.13,0
17.48,52.68,132.58,1
18.84,51.09,136.66,0
18.31,51.67,124.6,0
17.85,52.38,127.86,1
18.79,50.15,126.12,0
19.14,49.79,135.23,1
18.55,52.59,129.47,0
18.99,52.82,137.58,0
19.26,54.46,130.94,0
19.15,52.63,130.03,0
19.29,53.37,129.09,1
18.94,52.43,132.78,0
18.68,53.0,119.94,0
18.01,54.45,129.0,0
18.57,50.73,128.16,0
18.34,53.34,132.07,0
19.55,55.14,127.44,0
18.62,53.36,123.13,1
18.75,54.8,128.29,0
18.93,52.59,122.78,0
18.74,53.26,118.51,0
19.41,53.4,131.7,0
18.49,51.22,130.9,0
18.83,52.35,130.28,0
18.47,52.49,134.39,0
18.25,54.48,124.49,0
18.54,54.6,120.6,1
18.79,54.12,127.34,0
18.64,54.69,125.88,0
18.55,53.77,123.35,0
18.27,55.21,127.09,0
18.82,54.09,124.37,0
18.26,54.2,118.18,0
19.18,53.95,125.09,0
18.92,54.97,121.55,0
18.32,53.93,128.32,1
18.79,55.39,123.82,0
18.63,53.35,132.59,0
19.07,53.45,134.99,0
19.49,55.3,130.3,1
18.22,54.59,119.08,1
19.03,54.29,134.29,0
18.94,55.7,134.58,0
19.29,54.26,126.73,0
19.12,54.74,133.18,0
18.75,56.4,123.74,0
18.94,56.6,117.1,0
18.76,56.69,122.56,0
19.53,54.9,134.94,0
19.12,56.47,118.77,1
19.89,54.36,126.15,0
19.12,54.46,126.26,0
18.88,53.07,123.46,0
18.57,57.15,123.73,0
18.48,54.68,126.24,0
18.58,55.47,123.0,0
19.34,54.74,118.63,1
19.45,56.41,126.75,0
18.63,55.39,130.97,0
19.64,54.52,129.88,0
19.11,56.32,121.42,0
19.38,54.5,119.14,1
19.99,55.15,123.9,0
19.72,53.93,133.09,0
19.27,54.66,128.41,0
19.04,56.32,128.63,0
18.56,54.23,129.49,1
19.15,54.76,127.08,0
19.37,56.29,125.51,0
19.08,55.8,128.14,0
19.44,58.38,122.03,0
19.55,58.27,117.62,0
19.45,55.62,128.23,0
19.3,57.09,130.74,0
19.64,57.33,118.88,0
19.77,56.02,128.51,0
19.18,55.17,132.74,0
20.2,56.7,124.25,0
19.62,56.58,120.1,0
19.69,56.36,124.73,0
19.99,57.28,121.29,1
19.82,56.13,120.89,0
20.13,55.77,126.06,1
19.88,57.07,115.81,0
19.54,57.38,116.53,0
19.96,55.86,123.78,0
19.38,58.0,123.5,1
19.9,55.34,125.25,0
19.86,56.57,132.84,0
19.82,56.92,123.91,1
19.87,56.58,126.31,1
19.19,56.69,118.37,0
19.75,59.16,127.01,1
20.03,56.47,120.46,0
20.08,59.79,123.38,0
19.62,57.82,122.41,0
20.57,57.5,128.04,0
19.74,57.92,116.25,0
20.49,60.0,111.31,0
20.3,56.51,121.59,0
19.89,56.41,124.92,0
20.89,56.8,123.27,1
19.72,57.61,128.59,0
20.59,55.88,124.55,1
20.65,57.65,119.47,1
20.0,59.35,110.58,1
20.85,57.83,120.95,0
20.22,57.4,127.2,0
20.46,57.1,120.03,0
20.47,58.64,122.06,0
20.34,56.93,123.95,0
20.74,59.62,116.69,0
20.76,59.73,124.81,0
19.77,58.07,129.8,1
21.01,57.82,120.68,1
19.85,58.88,115.82,0
20.95,58.96,121.06,0
21.01,57.07,110.2,0
20.15,57.36,122.93,1
20.45,56.58,123.43,0
20.19,58.32,129.47,0
20.58,58.59,120.05,0
20.56,56.59,122.99,0
21.02,57.49,116.56,1
21.26,56.61,119.01,0
21.32,57.06,113.09,0
20.56,58.52,119.67,1
20.73,57.24,119.04,1
20.16,57.68,121.99,1
20.54,56.36,117.3,0
21.27,58.18,120.76,0
21.56,57.95,118.6,0
20.44,57.27,118.54,0
20.72,57.81,120.52,0
20.97,58.18,120.25,0
21.12,57.19,123.77,0
20.71,56.52,119.29,1
21.23,59.8,118.07,0
20.9,57.36,118.84,1
21.1,57.9,116.1,0
21.35,59.0,117.79,0
21.16,61.51,129.67,0
21.01,56.73,114.88,0
21.17,58.42,117.98,0
21.2,57.26,117.36,1
21.11,57.42,117.98,0
21.18,57.23,117.49,1
21.95,56.81,120.47,0
21.56,57.89,110.44,1
21.24,56.44,124.1,0
21.66,58.85,122.01,0
21.28,57.95,112.56,0
21.9,58.3,107.35,0
21.61,57.4,113.73,1
21.44,57.48,117.33,0
21.69,58.12,131.37,0
20.9,56.65,121.11,0
21.11,57.44,109.28,0
21.1,56.92,114.8,0
21.66,56.87,117.91,0
22.32,55.63,119.37,0
22.55,59.06,111.45,0
21.93,57.01,117.27,0
21.9,58.84,114.29,0
21.0,58.72,112.28,1
21.53,56.35,119.02,1
21.46,56.52,121.52,0
21.55,60.14,121.78,0
21.75,59.31,120.38,0
21.65,57.5,114.94,0
21.08,57.76,120.93,0
22.19,56.84,118.83,1
21.48,57.88,117.88,0
22.03,56.7,114.08,0
22.79,55.35,114.58,0
21.62,56.03,117.36,0
20.99,57.34,129.11,0
21.91,56.16,118.35,0
22.49,57.19,113.71,0
22.86,56.15,112.53,0
21.61,56.41,114.16,1
22.32,58.01,127.44,0
21.96,57.36,114.48,0
22.12,57.07,120.94,0
23.24,57.92,114.45,1
21.61,57.48,117.56,1
22.33,58.41,120.14,0
22.44,56.47,113.25,0
22.71,56.46,112.83,0
22.33,55.54,124.26,0
22.44,56.37,120.82,0
22.18,57.72,119.78,0
22.47,58.02,119.69,0
22.24,57.63,117.98,0
22.65,54.83,125.7,0
22.27,57.67,115.76,0
22.59,54.7,118.35,0
22.45,57.39,108.14,0
22.93,56.08,111.2,0
22.48,57.1,109.25,0
21.81,55.02,121.55,0
23.05,57.47,102.35,0
22.2,54.78,113.03,0
22.32,55.53,100.0,0
22.36,55.15,110.74,0
23.17,54.34,112.37,0
21.78,56.14,121.68,1
23.91,57.8,116.67,0
23.1,58.6,110.45,0
22.78,55.98,119.88,0
22.69,56.95,114.56,1
22.84,56.01,114.59,1
22.96,56.22,108.32,0
23.02,55.32,109.32,0
23.01,55.8,110.07,0
22.84,56.09,114.36,1
22.74,54.91,114.45,0
22.77,55.35,121.71,1
22.77,55.31,115.85,0
23.32,56.14,100.32,0
23.12,54.19,115.1,1
21.73,55.14,106.47,0
23.18,57.04,108.82,1
23.01,56.23,109.52,0
22.94,56.36,110.2,1
22.81,54.97,106.57,0
23.43,55.2,114.4,0
23.37,55.82,106.26,0
22.7,56.31,115.03,0
23.19,52.74,124.36,0
22.65,53.31,106.46,1
22.5,55.87,111.62,0
22.82,54.22,100.36,0
23.43,53.76,111.41,1
23.48,53.11,116.06,0
23.31,53.74,116.38,0
23.41,52.82,113.1,0
23.34,56.25,117.09,1
22.89,54.07,125.31,0
23.33,53.96,121.08,0
23.49,54.54,109.84,1
23.49,54.84,105.13,0
23.67,54.76,110.29,0
23.49,54.81,107.52,0
23.36,53.04,114.45,1
23.66,53.3,106.23,0
23.23,54.29,111.7,0
22.9,52.93,116.19,0
23.2,53.38,111.44,0
22.98,53.71,107.15,0
23.02,54.02,117.69,0
23.24,51.38,102.36,0
22.99,53.8,110.05,0
23.19,52.78,111.42,0
22.57,53.65,111.64,0
23.42,53.64,112.41,0
23.34,54.4,114.49,0
23.02,54.07,111.2,0
23.62,53.99,109.48,0
23.74,54.01,109.22,0
22.73,52.78,108.14,0
23.08,52.44,115.07,0
23.08,53.21,107.84,0
23.02,52.99,115.25,0
23.74,51.87,111.05,0
23.33,52.51,108.29,0
23.31,51.99,113.93,1
22.62,51.1,107.14,0
23.68,53.16,113.91,0
22.94,51.85,111.72,0
23.47,53.77,107.62,0
23.56,50.01,113.19,0
24.0,51.0,113.22,0
22.93,51.51,116.21,0
22.25,52.54,115.2,0
23.54,51.72,112.77,0
24.19,51.56,104.62,0
23.97,50.04,122.44,0
23.56,49.93,103.12,0
23.28,51.33,114.83,1
23.81,49.56,112.18,0
23.1,50.32,104.1,0
23.68,51.27,109.29,0
23.69,49.71,109.47,0
23.92,52.22,116.33,0
24.6,51.75,106.18,0
23.65,48.88,108.39,0
23.29,49.44,97.96,0
23.49,48.0,118.26,0
22.79,49.43,104.18,0
23.22,50.9,111.11,0
23.34,49.64,108.92,0
23.29,50.43,108.88,0
23.56,48.37,113.37,0
23.17,50.61,117.62,0
23.95,49.18,110.47,0
23.5,49.66,112.44,0
23.49,49.48,110.76,0
23.36,48.22,114.15,0
23.56,48.26,106.7,0
23.82,50.3,114.34,0
23.14,49.65,114.46,0
23.22,50.22,114.27,1
23.36,49.42,105.51,1
22.94,49.16,107.92,1
23.15,47.21,109.91,0
23.28,48.58,101.8,0
23.82,48.75,116.58,0
23.57,50.65,108.5,1
23.54,49.3,109.93,0
23.8,50.07,105.58,0
23.4,49.06,101.78,0
23.6,47.67,105.35,0
23.4,48.42,109.42,0
23.54,48.46,111.64,0
23.2,47.21,109.04,0
22.45,47.68,109.92,1
23.37,47.79,106.45,0
23.98,49.52,110.57,0
23.78,45.76,115.46,0
23.79,48.97,111.52,0
23.89,46.75,112.0,0
23.42,46.23,109.38,0
23.46,48.71,100.35,0
23.12,48.19,102.6,0
23.24,48.63,110.05,0
23.6,48.1,107.68,0
23.83,49.29,109.89,0
23.28,47.71,116.03,0
23.15,46.92,111.24,0
23.32,47.35,113.86,0
23.55,48.17,108.0,0
22.72,46.08,103.45,0
22.37,46.13,107.15,0
23.06,46.4,103.38,0
22.78,44.53,115.15,0
23.05,46.7,111.27,0
23.19,44.61,109.88,0
23.05,46.47,113.42,0
23.81,47.21,97.1,0
23.34,45.8,110.1,1
23.32,47.89,100.57,0
23.44,44.68,107.05,0
22.72,47.26,105.49,1
23.58,46.67,110.32,0
23.12,44.21,108.11,0
23.41,48.57,113.66,1
22.7,45.73,103.89,1
22.49,44.85,110.41,0
23.43,44.25,107.64,0
23.24,45.37,98.61,0
22.71,45.4,102.16,0
22.71,45.56,105.97,0
23.49,45.09,112.25,0
22.55,45.96,108.97,1
23.67,44.87,100.78,0
22.64,43.26,105.88,0
23.24,44.98,116.64,0
22.84,42.7,107.07,0
23.19,45.36,104.85,0
22.72,43.97,108.91,0
22.86,45.05,110.24,0
22.92,46.14,104.11,0
22.49,43.81,108.87,0
23.17,45.76,104.68,0
22.65,44.21,109.89,0
22.75,46.34,107.11,0
22.42,44.16,108.64,0
21.78,43.63,102.41,0
22.71,45.1,102.07,0
23.74,43.92,110.87,1
23.07,43.45,105.72,0
22.73,43.76,107.51,0
22.61,44.14,104.53,0
22.71,45.47,110.53,0
22.9,42.14,102.97,0
22.19,44.05,105.3,0
23.09,44.59,109.88,0
22.91,44.11,111.79,0
22.89,45.18,103.28,0
22.76,43.74,115.67,0
22.57,43.58,107.42,0
22.82,44.31,100.61,0
22.76,43.76,107.65,0
22.37,43.23,103.86,0
22.26,44.08,107.92,0
22.51,42.87,105.52,0
23.07,42.86,106.08,0
21.93,42.9,101.13,0
21.82,44.74,110.61,0
22.45,40.12,99.86,1
22.38,43.69,100.08,0
22.41,43.29,107.44,0
22.42,41.53,113.59,0
22.21,43.48,103.79,0
22.87,43.6,109.04,0
21.62,43.67,110.88,1
21.9,40.39,109.57,0
22.17,44.37,103.92,0
21.53,42.23,100.01,0
22.1,43.62,94.4,0
22.81,43.63,104.11,0
22.13,41.98,111.3,0
22.2,43.48,99.77,0
21.58,42.4,108.87,0
21.81,40.68,100.61,0
21.88,43.89,105.87,0
21.89,41.91,108.86,0
22.5,41.8,102.01,1
22.19,42.22,106.15,0
21.5,42.86,103.2,0
22.02,42.5,108.79,1
22.1,43.08,106.43,0
22.33,41.16,105.52,0
22.48,41.73,113.02,0
21.42,42.33,108.52,0
21.48,44.32,101.75,0
21.28,42.28,104.76,0
21.66,43.46,104.8,1
21.92,42.39,105.57,0
22.1,41.84,117.78,0
21.65,42.06,107.0,0
21.53,42.11,94.95,0
21.7,42.87,102.41,0
21.28,43.62,95.45,0
22.42,42.58,103.46,0
20.92,43.39,95.16,0
21.61,41.22,100.73,0
22.32,41.76,97.48,1
21.49,41.43,106.99,0
21.39,42.45,105.07,1
21.3,41.77,106.57,0
21.34,42.84,104.53,0
21.94,41.17,98.07,0
20.48,42.13,107.61,1
21.95,42.76,114.65,0
20.75,40.0,107.08,0
21.18,44.18,102.9,0
21.09,41.76,97.88,0
21.48,40.01,100.48,0
20.58,42.19,107.28,0
21.38,42.06,110.38,0
21.98,41.94,106.31,0
20.6,43.0,109.01,0
21.19,42.76,108.54,0
20.83,42.3,107.54,0
21.24,42.45,101.71,0
21.05,41.9,105.87,0
20.76,43.78,100.76,0
21.19,40.52,105.09,1
21.69,42.14,106.65,0
20.87,42.07,113.39,0
21.2,42.82,98.45,0
20.37,41.16,107.41,0
20.48,40.27,112.41,0
21.03,42.17,108.8,0
21.41,42.3,109.17,1
20.93,43.52,107.95,0
20.64,40.76,111.51,0
20.74,43.2,99.58,0
20.22,44.42,98.09,0
20.93,41.68,105.0,0
21.02,40.78,94.23,1
20.46,41.67,111.19,0
20.43,42.11,111.15,0
20.7,42.67,102.88,0
20.39,41.53,103.2,0
20.52,43.69,104.7,0
21.36,41.03,105.33,0
20.4,40.43,105.71,0
20.33,43.29,107.88,0
20.19,39.92,104.23,0
20.72,42.01,109.82,0
20.33,45.35,107.34,0
20.11,42.24,102.09,0
20.88,41.15,111.81,0
20.89,42.24,98.35,0
20.06,42.27,104.69,1
19.53,42.5,110.0,1
20.66,43.03,101.56,1
19.96,41.35,106.73,0
20.52,44.1,107.91,0
19.39,42.69,100.91,1
20.52,43.19,104.86,0
19.65,41.87,104.45,0
20.4,43.81,102.49,1
20.09,42.29,116.77,0
19.68,42.86,101.46,0
19.88,41.68,110.31,0
20.29,41.64,103.34,0
20.04,43.36,99.89,0
20.21,42.26,105.85,0
20.74,41.89,108.6,0
19.3,42.13,109.97,0
20.55,43.51,113.2,0
19.92,42.21,120.13,0
19.5,42.76,106.67,0
19.31,42.93,102.12,0
19.74,41.04,107.72,0
20.16,41.52,104.14,0
19.72,43.37,110.12,0
20.35,42.33,99.02,0
19.15,44.17,117.37,0
19.7,44.12,109.83,0
19.19,43.91,97.15,0
19.81,45.06,102.05,1
20.0,43.2,109.69,1
19.45,43.97,111.52,0
18.56,42.78,99.29,0
19.66,45.86,109.24,0
19.74,45.44,95.96,0
19.7,43.52,105.28,0
20.01,43.94,111.31,0
19.07,44.96,103.01,0
19.75,43.5,98.26,0
19.94,43.04,106.55,0
18.73,44.62,102.82,0
19.55,43.87,109.01,0
19.2,44.03,101.47,0
19.35,43.06,102.05,1
19.5,42.23,95.84,0
19.15,44.24,106.82,0
19.06,44.96,105.19,1
19.32,43.88,100.08,1
18.85,45.6,107.02,0
18.84,43.52,111.21,0
19.53,43.22,105.03,0
18.78,44.26,107.48,0
19.48,44.31,107.53,1
19.39,45.22,100.17,0
18.49,43.73,116.51,0
18.9,45.93,103.9,0
19.63,46.59,109.56,0
18.74,44.64,110.16,0
18.93,45.99,105.65,0
19.28,43.74,109.41,0
19.4,45.94,107.64,0
18.97,45.97,99.35,0
18.81,45.85,104.81,0
19.61,45.03,103.44,0
19.72,42.16,104.23,0
19.4,44.53,100.05,0
19.02,44.61,112.24,0
18.65,44.33,114.65,0
18.63,45.49,111.56,0
19.16,45.02,113.06,1
19.1,44.68,105.02,0
19.48,44.51,103.6,0
19.17,44.92,102.92,0
18.29,46.82,110.07,0
19.3,45.11,108.02,1
18.47,45.32,106.54,0
18.7,45.45,113.43,0
18.94,46.31,109.02,0
19.63,46.5,102.84,0
20.06,43.07,103.67,0
19.05,47.2,110.52,0
18.72,47.69,112.36,0
18.99,45.27,109.94,0
19.12,45.42,116.71,0
18.63,46.02,115.44,0
19.46,45.78,109.51,0
18.83,46.84,103.15,0
18.92,44.74,100.84,0
18.98,45.64,105.49,0
18.87,48.37,111.23,0
19.03,45.98,116.64,0
18.44,48.22,109.64,0
18.45,47.41,113.44,1
18.23,45.32,106.41,0
18.83,47.84,110.79,0
18.96,47.16,111.84,1
18.82,46.9,97.87,1
19.3,47.67,105.74,0
18.62,47.98,112.6,0
18.88,48.29,109.27,0
18.17,48.83,101.96,0
18.45,48.14,95.83,0
18.87,46.43,106.2,0
18.93,47.41,107.72,0
18.46,50.91,103.7,0
18.55,48.77,108.88,0
17.96,50.49,110.74,0
18.42,49.59,111.61,1
18.91,48.52,96.53,0
18.78,48.66,101.78,0
18.75,48.4,106.88,1
18.56,46.77,111.31,1
18.54,48.61,110.94,0
18.27,49.88,110.9,1
18.81,48.15,106.68,0
18.7,49.24,107.0,0
18.72,49.76,105.05,0
18.31,48.08,112.58,0
17.66,48.61,104.19,0
18.95,48.13,113.09,0
18.32,48.4,109.93,0
18.16,48.02,108.72,0
18.78,48.48,105.71,0
18.35,50.88,102.27,0
18.93,48.63,105.86,0
18.75,49.75,107.5,0
18.78,49.2,97.35,0
17.95,50.96,108.26,0
18.99,51.17,113.92,0
18.6,50.81,112.19,0
18.35,50.33,106.93,0
18.56,49.87,109.7,1
17.79,48.99,106.73,0
18.66,52.21,110.31,0
18.09,49.58,117.32,0
17.96,51.09,114.52,0
17.9,51.56,112.34,1
18.95,50.03,107.32,0
18.26,51.7,113.59,0
19.12,51.51,101.46,0
18.3,52.55,108.69,0
17.83,50.43,112.93,0
18.07,49.69,113.77,0
19.02,50.55,113.47,1
18.46,51.35,111.65,0
18.31,51.28,109.26,0
18.6,50.9,112.98,0
18.74,49.47,105.58,0
18.99,51.92,106.18,0
19.13,53.51,110.77,0
18.41,52.08,111.39,0
18.03,52.3,101.45,0
18.4,52.34,112.91,0
18.67,52.24,114.56,0
18.19,52.86,110.37,0
18.2,52.4,122.69,0
18.72,51.77,107.46,0
18.57,51.36,109.13,0
18.61,51.98,109.02,0
18.3,52.62,110.67,0
18.52,52.07,109.47,0
18.25,52.78,104.14,0
18.99,52.98,108.5,0
19.05,53.45,110.81,1
17.91,53.97,117.5,0
18.28,52.84,122.43,0
18.06,51.53,118.16,0
18.41,52.57,107.67,0
18.65,53.03,108.13,0
18.11,51.23,110.87,0
18.33,54.52,120.65,0
18.31,53.35,110.97,0
18.8,53.66,105.22,0
18.76,54.72,109.41,0
18.45,52.8,115.77,0
18.82,54.07,115.5,0
18.54,53.46,111.11,0
18.67,53.46,115.59,0
19.46,52.94,100.87,0
19.33,55.45,112.82,0
18.29,53.48,116.67,0
19.15,54.62,108.27,0
19.16,52.12,108.31,0
18.39,55.24,103.23,0
19.19,55.19,120.58,0
19.49,54.3,109.09,0
18.44,54.04,113.96,0
18.53,54.74,115.84,0
19.32,56.69,120.45,0
19.04,52.71,112.18,1
19.16,55.32,110.32,1
19.09,53.69,113.95,0
19.13,54.65,119.57,1
18.45,54.48,112.37,0
19.42,54.37,108.51,1
19.48,54.85,105.65,0
18.94,53.79,107.32,0
19.03,56.02,117.81,0
18.45,53.25,111.95,0
19.28,55.65,110.59,0
19.32,54.84,110.11,0
19.08,54.06,114.19,1
19.58,55.49,112.63,0
19.01,53.8,112.53,0
19.38,55.45,120.71,0
18.77,54.05,121.73,0
19.18,55.99,106.05,0
19.14,54.66,115.81,0
19.32,55.19,110.36,0
19.1,55.99,113.07,0
19.21,54.98,115.93,0
19.61,55.75,113.39,0
19.13,54.35,115.67,0
18.68,56.55,117.96,0
20.04,57.74,116.13,1
19.91,58.82,111.5,1
18.86,56.17,111.66,0
19.67,56.92,107.67,0
19.21,54.4,110.67,0
19.54,57.73,124.82,0
19.57,57.06,111.12,0
19.38,55.85,109.19,0
19.18,57.62,116.83,0
19.24,56.17,114.75,0
19.17,56.02,114.39,0
19.22,57.0,122.48,0
19.55,55.5,118.26,0
19.31,57.63,112.93,0
19.89,55.6,113.53,0
20.23,55.65,113.21,0
19.42,55.83,120.17,1
19.77,57.55,114.33,0
19.9,56.21,106.98,1
19.91,55.52,115.77,0
19.77,56.31,108.4,1
20.06,56.92,127.08,0
19.98,55.81,111.4,0
19.31,55.88,115.5,0
20.18,59.18,117.67,0
20.21,56.24,115.01,0
19.57,56.82,115.07,0
19.91,56.81,118.71,0
20.19,56.79,124.3,0
19.86,57.87,120.58,0
20.39,58.23,124.21,0
20.93,57.01,111.66,0
19.69,56.11,118.55,0
19.48,58.65,117.81,0
20.18,57.31,118.87,0
20.37,59.17,124.06,1
20.01,55.22,116.15,0
20.71,57.69,115.3,0
19.61,59.44,120.07,0
20.45,57.19,108.59,0
19.95,57.35,116.37,0
20.91,57.89,116.96,0
21.04,57.07,113.1,0
19.96,57.34,123.06,1
20.07,57.33,112.54,0
20.66,57.07,117.24,0
20.18,58.94,119.46,0
20.34,58.2,124.84,0
20.4,58.01,118.09,0
19.64,58.58,122.9,0
20.43,57.53,121.8,0
20.18,57.04,118.99,0
20.29,57.23,113.0,0
21.09,57.85,111.35,0
20.03,56.8,119.13,1
20.88,57.37,115.96,1
20.47,57.37,123.34,0
20.5,60.03,122.55,0
20.95,55.14,117.97,0
20.79,57.74,113.18,0
20.91,59.66,121.6,0
21.09,58.07,114.03,0
20.6,58.71,115.4,0
20.51,58.06,114.37,1
20.35,57.3,118.65,0
20.48,55.73,125.27,0
22.01,58.19,119.47,0
21.35,57.21,117.35,1
20.34,57.19,112.01,0
20.38,57.5,122.48,1
21.12,59.74,115.89,0
21.17,60.4,120.45,0
21.2,58.22,118.17,0
20.9,57.54,124.21,0
20.98,56.82,119.31,0
21.19,58.47,119.87,0
21.12,59.78,122.67,1
20.22,57.75,130.85,0
21.04,55.61,124.83,0
20.82,58.65,120.02,0
21.25,58.96,120.56,0
22.4,56.39,117.99,0
21.38,58.14,115.94,0
21.13,58.41,118.0,0
21.65,57.88,116.98,0
21.5,57.15,124.18,0
21.5,58.95,115.64,0
21.6,57.52,127.73,0
22.2,56.42,124.9,0
20.95,55.85,121.32,1
21.62,59.14,121.29,0
21.08,58.48,118.58,1
21.7,57.94,122.79,0
21.13,57.4,126.96,0
21.36,57.29,118.07,0
21.43,56.73,114.0,0
21.97,57.35,125.25,0
21.97,55.65,123.43,1
21.13,57.01,116.29,0
21.67,57.42,118.29,0
21.39,58.32,117.74,0
21.19,57.64,118.49,0
21.63,58.46,120.57,0
21.62,58.99,120.93,1
22.74,58.67,119.08,0
21.97,58.06,118.62,1
21.26,57.57,121.34,0
21.61,56.55,123.39,0
22.27,58.25,121.05,0
22.72,59.16,128.5,0
21.28,57.79,125.32,0
21.18,59.34,114.9,0
22.7,55.87,125.54,1
22.13,56.21,126.03,0
21.65,58.18,120.9,1
22.24,57.56,115.67,0
20.99,58.58,123.26,0
22.07,57.21,123.25,0
22.22,56.33,117.76,0
22.48,56.95,116.18,0
21.73,55.59,123.07,0
22.19,55.96,122.42,0
21.81,58.02,121.57,0
22.31,57.88,123.31,0
21.87,57.34,118.29,0
22.08,55.21,121.7,0
21.87,56.53,126.61,0
22.55,55.63,122.27,0
22.66,57.99,115.73,1
22.24,56.18,121.8,0
22.37,55.64,118.88,0
21.8,56.71,125.64,0
22.28,56.0,125.97,0
22.4,58.08,116.16,0
23.49,55.81,128.32,0
22.01,55.1,119.03,0
23.06,54.3,132.46,0
22.9,56.37,124.49,0
22.63,55.8,118.57,0
23.24,54.88,119.17,1
22.71,57.45,126.69,0
22.73,56.88,123.06,0
22.57,56.13,124.61,0
23.1,57.47,133.22,0
23.07,56.72,121.73,1
22.4,55.18,125.6,0
22.14,54.91,132.47,0
22.61,56.71,126.79,0
22.39,56.24,117.48,0
22.7,55.95,128.11,0
23.24,54.88,119.84,1
22.58,56.28,132.75,0
22.76,54.86,121.67,0
22.82,55.46,140.71,0
23.15,56.95,133.26,0
21.93,54.78,122.01,0
22.61,53.81,126.16,0
22.95,54.27,129.9,0
23.36,56.26,130.12,0
22.7,55.46,128.48,0
22.16,55.01,132.6,0
23.18,54.57,125.79,0
22.69,55.51,124.64,0
22.49,54.11,124.81,0
22.73,55.2,130.9,0
22.92,54.1,128.5,1
22.77,53.87,128.2,1
22.14,54.06,130.79,1
23.4,54.26,116.62,1
23.56,54.52,128.49,0
23.33,54.74,128.1,1
22.62,50.75,135.42,1
23.01,53.57,119.5,0
23.1,53.91,134.99,0
23.36,55.74,127.65,0
23.4,53.09,129.78,0
22.85,54.26,135.78,0
23.19,55.53,130.27,0
23.35,52.65,129.54,0
23.77,54.29,128.81,0
23.48,53.02,125.25,0
23.52,53.25,127.59,1
23.25,52.88,124.21,0
23.8,52.88,127.63,1
23.41,56.26,116.24,0
22.91,54.31,130.13,0
23.83,54.5,127.44,0
23.55,53.81,126.43,0
23.11,51.64,129.27,0
23.1,53.57,121.07,0
23.42,54.18,137.95,0
23.5,52.18,127.85,0
23.4,53.92,127.69,0
23.46,53.58,123.66,0
24.02,54.66,128.67,0
23.78,52.31,135.54,0
23.43,51.56,133.85,0
23.74,52.22,133.0,1
22.96,53.94,131.52,0
23.54,50.6,127.06,1
24.11,50.28,121.66,0
23.31,52.36,127.97,0
23.06,51.75,127.85,0
23.15,52.13,134.34,0
22.98,52.99,130.7,0
23.11,51.41,137.27,0
23.28,50.01,135.26,0
22.87,53.85,127.05,0
23.45,50.73,120.41,1
23.81,50.59,136.37,0
23.09,52.68,136.3,1
24.06,51.11,122.73,0
23.66,51.35,137.17,0
23.88,51.82,131.59,0
23.21,52.34,130.54,0
23.81,50.85,137.87,1
23.04,52.62,136.57,0
23.84,48.89,133.16,0
23.55,51.7,132.33,1
23.71,50.02,133.1,0
23.02,52.16,128.07,0
23.13,50.85,129.85,0
23.73,49.95,125.67,0
23.11,51.21,128.57,0
23.68,51.36,128.46,0
22.95,51.03,127.17,0
23.84,49.28,131.09,0
23.01,49.74,128.84,0
23.72,50.14,133.02,1
23.75,50.02,122.45,0
23.22,50.74,130.05,0
23.73,47.89,131.33,0
23.6,50.16,129.17,0
23.28,49.46,129.91,0
23.09,48.83,122.9,0
22.71,48.84,132.66,0
23.64,49.29,134.17,1
22.87,45.82,133.45,0
23.53,48.64,136.23,0
23.38,48.39,132.09,0
23.76,49.72,133.53,0
23.36,48.3,131.96,0
23.35,48.81,134.67,0
23.77,50.49,123.4,0
23.61,49.86,126.86,0
23.6,49.69,139.31,1
23.66,48.21,119.13,0
22.85,49.18,130.78,0
23.76,48.32,137.39,0
23.7,48.28,131.11,0
23.04,48.81,129.6,0
23.35,47.72,132.32,0
23.42,49.73,129.95,0
23.38,48.0,131.92,0
23.56,48.7,128.39,0
23.99,49.46,137.4,0
23.85,48.96,139.02,0
22.88,46.44,131.28,1
23.65,48.22,125.06,0
23.93,48.55,129.42,0
23.54,48.51,131.16,1
23.82,46.43,134.65,0
24.18,46.81,127.13,0
23.77,48.39,128.37,0
23.46,46.56,134.81,0
23.76,46.94,136.99,1
23.4,48.74,129.23,0
23.34,47.05,125.72,1
23.18,46.29,148.85,0
23.94,46.07,136.39,1
22.97,47.2,131.18,0
23.9,45.46,136.9,1
23.48,46.48,131.97,1
22.71,46.98,136.97,0
23.41,47.88,133.47,0
22.41,47.17,133.17,0
23.49,45.72,132.18,1
23.58,47.54,125.56,0
22.98,45.99,142.52,0
23.25,44.99,128.16,1
23.97,45.98,126.11,0
22.98,47.52,131.88,0
22.74,46.18,128.18,0
23.75,45.96,132.76,0
23.93,47.51,136.5,0
23.13,44.37,138.07,0
23.52,44.45,137.21,0
23.64,44.05,131.64,0
22.79,45.98,133.45,0
22.88,45.7,135.28,0
23.55,47.01,124.49,0
23.72,45.65,136.16,0
23.26,44.94,126.06,0
22.67,45.28,143.58,0
23.8,45.33,131.39,0
22.77,43.47,132.52,0
22.84,47.79,129.63,0
23.09,45.54,130.36,1
23.56,45.17,144.91,0
23.27,45.51,138.28,0
23.07,45.54,125.86,0
23.08,44.63,141.16,1
22.89,44.08,139.64,0
23.08,45.25,132.29,1
21.83,44.98,135.26,0
22.71,43.73,133.69,0
22.91,45.9,143.65,0
22.33,44.71,129.84,0
22.93,45.09,134.58,0
22.67,45.7,131.74,0
23.44,44.27,126.74,0
23.35,44.51,144.89,0
22.52,44.95,128.05,0
22.62,43.36,135.09,0
22.64,44.09,125.31,0
22.47,44.1,132.05,1
22.71,42.97,136.18,0
22.3,46.19,129.97,0
22.14,42.42,137.05,0
22.82,42.48,132.8,0
22.8,45.04,139.97,0
22.21,44.39,141.0,0
22.87,42.6,131.28,0
22.24,44.18,134.63,0
22.57,45.0,135.18,0
22.78,43.45,137.38,0
22.42,46.04,134.38,0
22.59,41.67,135.28,0
22.18,44.04,133.14,0
22.29,44.47,134.95,0
22.26,44.15,140.89,1
22.03,43.01,137.65,0
22.23,42.88,137.95,0
21.66,43.58,138.07,0
22.06,43.91,133.71,0
22.13,43.66,136.09,1
22.12,44.05,129.09,1
22.1,41.96,140.88,0
22.15,42.71,120.64,0
22.34,41.96,134.14,0
22.48,42.48,140.29,0
21.85,43.84,127.79,1
21.6,42.9,136.62,0
21.65,45.36,131.24,0
21.84,42.92,132.81,0
21.88,42.75,139.4,0
21.69,42.77,135.68,1
21.45,41.99,124.53,0
21.77,42.54,129.84,0
22.0,43.69,139.61,0
22.14,42.65,136.99,0
21.65,41.72,143.5,1
21.69,41.56,143.19,1
21.46,42.0,133.07,1
21.79,42.5,147.31,0
21.44,43.6,134.93,0
21.99,41.04,130.01,0
21.02,42.03,131.66,0
21.57,42.48,123.56,0
21.81,40.48,142.89,0
21.74,41.45,142.84,0
22.72,41.59,129.8,0
21.76,41.45,133.74,0
21.19,42.42,135.37,0
21.53,42.05,130.1,1
20.83,41.64,126.13,0
21.49,42.6,133.87,0
21.16,43.88,133.32,1
21.84,43.78,132.99,0
21.22,40.2,136.05,0
21.37,42.69,142.09,0
21.14,41.92,133.44,0
22.07,42.24,135.81,0
21.22,41.68,138.6,1
22.05,42.18,137.74,0
21.62,42.21,131.9,0
21.46,41.47,135.46,0
21.39,41.14,137.72,0
21.38,41.58,129.34,0
20.43,42.26,141.31,0
21.06,42.62,142.15,0
21.48,42.87,131.38,0
21.1,41.52,135.96,0
20.53,42.29,138.21,0
21.05,42.97,132.27,0
21.73,43.17,137.41,0
21.52,41.94,135.82,0
20.97,41.78,127.66,0
21.35,42.19,137.3,1
20.8,40.85,129.5,1
20.24,41.81,139.69,0
20.53,42.75,131.64,0
21.5,42.65,134.19,0
20.74,41.74,141.85,0
20.72,42.24,137.47,0
20.68,41.2,129.59,0
21.53,42.74,129.91,0
21.4,41.96,131.98,0
21.61,41.77,136.95,0
20.63,41.7,136.76,0
20.79,42.01,130.75,0
20.04,41.63,129.13,0
21.21,42.75,136.36,0
20.13,41.71,134.04,1
20.66,43.71,145.73,0
20.11,43.6,135.12,1
20.29,41.25,144.0,0
20.17,42.23,129.07,0
20.23,41.53,127.05,0
20.24,41.87,129.31,0
20.21,44.22,140.85,0
20.74,41.92,143.67,0
19.94,42.61,130.97,0
20.44,42.81,132.57,0
20.82,41.29,129.02,0
20.1,41.46,125.79,1
19.99,41.13,138.43,0
20.17,41.47,135.95,0
20.71,39.53,134.87,0
20.29,42.95,127.81,0
19.97,44.49,142.99,0
20.36,42.61,132.27,0
19.7,41.07,137.44,0
20.39,41.87,127.48,0
20.26,42.09,133.79,0
19.95,41.56,136.18,1
19.71,43.47,136.35,0
19.67,43.45,135.47,0
20.21,41.51,137.16,0
20.47,43.42,129.02,0
19.7,44.26,135.64,0
20.12,44.67,135.2,0
19.07,45.67,135.78,0
19.65,41.93,134.96,1
19.85,45.7,128.22,0
19.48,42.56,127.98,1
19.45,42.35,123.48,0
19.53,43.31,138.62,0
19.89,42.44,138.65,0
19.68,43.46,138.71,0
18.84,41.78,136.01,0
18.86,42.91,123.79,0
19.45,44.47,129.3,0
19.85,43.17,135.26,0
18.55,43.41,135.07,0
19.43,43.79,133.26,0
19.4,44.53,136.19,0
20.14,41.75,134.39,0
19.41,44.03,134.91,1
19.7,43.23,131.09,0
19.58,43.71,139.17,0
18.65,44.65,132.08,0
19.79,42.44,127.56,1
19.55,42.67,130.33,0
19.65,41.8,132.42,0
21.0,43.24,139.11,0
18.57,45.17,133.9,0
20.08,43.77,133.16,0
19.25,42.6,127.82,1
19.46,43.51,137.96,0
19.31,42.56,130.75,1
19.14,42.97,133.48,0
19.07,44.54,141.35,1
19.41,43.04,136.47,1
18.65,45.38,125.76,0
19.54,44.25,125.02,0
19.06,44.46,133.52,0
18.75,44.16,127.75,0
19.01,45.27,137.02,0
19.67,45.33,133.96,0
18.94,44.94,134.55,0
19.28,45.23,130.16,0
18.83,44.52,142.37,1
19.41,45.33,147.84,0
19.36,44.51,132.21,0
19.81,44.91,135.33,0
18.98,44.7,134.02,0
19.31,44.58,132.2,0
19.06,44.41,129.31,0
19.53,45.63,128.01,0
18.71,46.54,127.72,0
19.28,46.46,135.39,0
18.89,44.1,130.74,0
18.92,46.71,120.41,0
18.97,45.17,135.49,0
19.02,46.15,133.04,0
18.86,44.71,139.93,0
18.98,45.83,135.02,1
19.51,46.07,125.73,0
19.26,44.34,121.94,0
19.2,46.5,129.45,0
18.66,47.31,129.89,0
18.47,45.86,137.69,0
19.2,47.46,132.89,0
19.16,45.98,138.57,0
19.38,47.09,126.24,0
18.54,44.09,137.65,0
18.68,48.8,136.39,1
18.1,47.95,122.65,0
18.59,46.24,139.32,0
19.14,44.63,133.13,0
18.54,46.96,134.58,1
18.97,45.3,128.26,0
18.63,47.26,138.92,0
18.83,47.3,126.57,0
18.23,46.02,136.62,0
18.71,48.16,136.52,0
17.47,47.92,127.5,0
18.58,48.16,142.25,0
18.0,47.27,133.45,0
19.12,45.92,135.51,0
18.95,48.39,124.57,0
18.81,47.22,142.75,0
19.23,46.18,125.99,0
18.23,48.99,137.19,0
19.3,49.82,127.05,0
18.97,47.75,128.88,1
18.5,50.03,135.88,0
19.04,48.04,137.03,0
18.13,47.65,125.49,0
18.24,47.47,137.25,0
18.32,49.82,136.97,1
18.35,47.48,127.01,0
18.13,49.07,139.65,1
19.04,47.86,124.32,0
18.44,48.04,128.44,0
18.68,49.6,133.91,1
18.31,48.27,127.2,0
17.8,48.33,132.74,0
18.64,49.94,132.57,1
17.76,50.49,130.38,0
18.49,49.61,135.43,0
17.97,48.39,130.08,0
19.31,48.62,132.33,0
18.88,49.29,136.85,0
18.55,49.61,135.02,1
19.01,48.38,134.95,0
18.17,50.17,125.22,0
18.72,49.61,133.54,1
18.58,47.89,126.47,0
18.61,48.76,124.41,0
19.01,49.26,130.4,0
18.79,49.77,126.19,1
18.62,51.82,134.61,1
17.84,50.24,134.67,0
18.12,49.25,121.04,1
18.45,50.39,126.35,0
18.54,49.89,123.14,0
18.05,50.65,128.07,1
19.47,50.99,132.61,0
19.11,51.7,129.07,0
18.75,50.54,127.28,0
18.54,52.29,136.67,0
18.43,51.63,118.59,0
18.13,50.1,136.24,0
18.55,53.09,127.28,1
18.62,51.29,129.56,1
18.02,50.21,127.25,0
18.66,52.78,137.55,0
18.47,53.28,123.62,0
17.77,51.25,129.78,0
18.19,50.86,132.3,0
18.38,51.27,121.55,0
19.3,52.23,124.95,0
18.77,52.87,128.75,0
18.02,52.25,125.0,0
18.76,51.85,125.29,0
17.95,53.33,127.56,0
19.01,51.6,132.5,0
18.39,53.02,127.48,0
18.55,51.78,134.53,0
19.12,52.57,124.09,0
18.08,52.1,122.76,0
18.05,52.24,138.59,0
18.38,51.99,125.61,0
19.04,53.79,122.28,0
18.02,51.79,120.07,0
17.5,51.86,134.09,1
18.46,54.8,126.95,0
18.87,53.73,127.32,0
19.14,50.44,127.73,1
18.48,52.33,133.53,0
18.51,51.16,127.51,0
19.15,52.1,140.06,0
17.95,49.98,128.95,0
18.55,53.06,133.53,0
18.79,52.13,132.18,0
18.91,53.4,127.91,0
18.54,51.79,125.1,1
18.76,53.57,129.63,0
17.77,53.14,130.45,0
18.51,55.13,124.98,0
18.96,55.11,128.61,0
18.4,54.56,133.89,0
18.83,53.52,138.0,0
19.0,55.9,131.85,0
18.69,52.43,136.83,0
18.91,52.65,124.31,0
18.47,54.04,130.9,0
18.79,56.44,134.01,1
19.13,54.05,122.77,0
18.96,54.14,124.76,0
18.68,52.95,135.81,0
19.01,55.4,122.18,1
19.22,55.48,120.29,1
18.13,55.38,134.57,0
19.43,54.03,132.84,0
18.85,54.01,128.95,0
19.17,53.49,126.5,0
19.49,54.93,124.47,0
18.48,53.83,128.0,0
18.76,53.8,134.42,0
18.94,54.61,127.65,0
18.76,54.61,137.22,0
19.78,54.62,121.83,0
18.76,55.69,126.15,0
18.9,55.36,124.32,0
19.22,55.05,120.69,0
18.67,55.58,125.28,1
19.01,54.47,128.06,0
19.32,55.62,128.53,0
19.07,55.73,136.69,0
19.19,54.13,128.09,0
19.03,56.68,131.45,1
18.65,54.86,125.96,0
19.41,55.89,133.95,0
20.0,57.02,137.48,0
19.32,56.83,128.08,1
19.42,56.0,120.39,0
19.63,55.65,122.54,0
18.86,57.02,126.62,0
20.07,56.79,127.42,0
19.49,55.55,128.56,0
20.08,55.43,127.3,0
19.15,54.2,124.96,0
20.19,56.48,121.68,0
19.8,56.29,126.79,0
19.73,57.55,133.99,1
19.62,56.82,129.75,1
19.45,57.85,127.25,0
20.05,55.86,129.65,0
19.65,57.74,122.58,1
18.82,56.12,121.82,0
19.18,57.47,120.55,0
19.58,55.28,123.59,1
19.8,57.01,122.03,0
19.67,54.84,130.11,0
20.2,56.6,121.62,0
18.96,57.34,119.91,0
19.82,56.42,133.57,0
19.05,55.93,121.52,1
20.11,57.87,124.48,0
19.79,56.96,125.89,0
20.01,56.61,117.88,0
19.52,57.18,129.67,0
20.4,59.81,126.6,0
20.33,58.36,131.14,0
20.17,58.4,119.88,1
19.91,57.71,123.69,0
20.21,57.47,123.32,0
19.72,54.94,124.37,0
20.37,56.69,115.7,0
20.71,56.92,123.46,0
20.5,55.56,115.7,0
19.8,56.3,124.55,1
20.26,55.51,112.04,0
19.63,57.48,113.35,0
20.4,58.36,126.63,0
20.37,58.68,119.73,0
19.47,58.01,117.45,0
19.77,56.66,128.67,0
20.15,55.71,123.88,0
20.17,55.91,126.53,0
19.83,56.42,121.26,0
20.49,56.82,135.41,0
20.46,57.57,118.92,0
20.3,56.74,130.59,0
20.1,58.11,121.49,0
20.85,57.56,113.45,0
21.12,57.82,124.06,0
20.29,58.97,123.14,0
20.26,56.66,116.24,1
20.73,58.28,116.81,0
20.41,57.86,121.22,0
20.52,57.55,123.02,1
20.9,58.78,108.84,1
19.86,58.79,126.39,1
21.18,56.98,118.57,0
20.71,57.75,114.31,1
20.54,58.22,125.6,0
20.69,57.68,120.7,0
20.74,58.55,126.83,0
20.08,58.25,122.86,1
21.4,59.81,120.59,0
20.84,56.45,119.76,0
21.03,57.86,122.86,0
21.26,57.08,118.3,0
20.49,58.6,116.03,1
21.12,56.38,123.27,0
20.84,58.34,119.42,0
21.31,57.37,120.24,0
20.15,57.27,125.44,0
20.99,56.55,119.35,0
20.81,57.53,119.92,0
21.25,59.08,116.77,0
21.29,57.97,121.85,0
20.84,58.62,121.37,0
20.87,59.65,124.05,0
21.13,58.24,116.58,0
20.84,57.42,117.11,1
21.56,58.43,123.28,0
21.1,57.42,120.51,0
20.11,57.45,114.64,0
21.15,56.42,125.63,0
20.91,58.86,110.53,1
20.7,57.54,122.87,0
20.88,58.09,112.55,0
21.44,56.86,128.23,0
21.96,58.32,111.0,0
21.57,57.11,124.41,0
21.23,57.71,118.17,0
21.68,58.72,116.67,0
21.34,58.61,119.35,1
21.27,57.78,121.51,0
21.11,56.02,113.75,1
20.89,60.76,114.12,0
21.46,59.5,121.37,0
21.71,58.45,109.52,0
21.63,56.96,115.06,0
21.53,57.57,133.11,0
21.34,57.12,112.99,0
21.98,58.91,123.49,0
21.24,57.88,114.75,0
22.1,56.81,120.15,0
21.41,57.1,120.8,0
21.53,58.66,123.1,1
21.27,59.11,116.38,0
21.68,59.01,127.26,0
22.3,58.21,114.29,0
22.13,57.18,118.34,0
22.34,54.16,118.32,0
22.18,57.66,111.41,0
21.56,57.33,115.51,0
21.89,57.44,117.68,0
21.73,57.32,114.64,0
22.6,55.91,128.93,0
21.61,57.76,112.46,0
22.47,57.8,122.47,0
22.49,57.81,120.79,1
22.89,58.04,116.36,0
22.01,57.66,112.03,1
22.48,56.61,112.44,0
23.13,56.91,113.62,0
22.0,57.03,107.21,0
21.65,57.01,111.05,1
21.53,57.86,108.58,0
22.59,57.46,122.65,0
21.58,58.85,118.94,0
22.2,58.94,119.71,1
22.55,56.77,118.65,0
22.47,52.81,116.47,0
22.58,57.84,122.87,0
22.52,56.01,112.44,0
22.97,55.71,115.95,0
22.09,56.06,119.08,0
22.22,55.97,108.67,0
22.2,56.98,130.69,0
22.87,54.76,115.28,0
22.91,55.19,115.77,0
22.75,56.56,121.28,0
23.07,56.79,119.5,0
22.14,56.76,115.04,0
23.3,55.28,115.43,0
23.26,55.03,107.19,0
22.96,55.45,111.86,0
23.4,56.14,117.16,0
22.04,57.34,116.72,0
22.51,53.75,120.54,0
22.45,55.52,113.76,0
23.05,54.35,107.36,0
22.36,53.98,119.51,0
23.1,56.54,121.34,0
23.36,56.06,118.58,0
23.11,55.9,113.2,0
22.96,56.32,119.17,1
22.47,54.86,131.02,1
22.54,54.84,114.39,0
23.4,57.4,107.18,0
23.22,54.91,110.74,0
22.91,55.83,116.73,1
22.78,55.04,105.52,0
22.15,53.12,114.32,0
22.55,52.86,115.31,0
23.75,54.26,121.01,0
22.49,55.84,119.82,0
23.1,55.5,117.53,0
23.44,55.56,102.32,1
22.55,53.6,117.67,0
23.14,56.13,116.53,0
23.45,53.49,114.22,0
23.1,54.6,104.22,0
24.25,54.31,108.92,0
22.45,54.08,106.91,0
23.55,55.52,102.6,1
23.07,53.41,112.59,0
23.47,52.7,108.55,0
23.35,54.0,125.6,1
22.89,53.51,111.57,1
23.29,57.21,118.82,0
22.46,54.44,104.44,0
23.46,53.29,109.57,0
23.35,52.57,112.64,0
23.5,51.67,107.55,1
23.67,52.46,109.92,0
23.41,53.52,110.88,0
23.33,54.76,110.73,0
22.93,54.39,121.11,0
23.01,53.42,113.67,0
23.78,52.79,114.11,1
23.89,53.31,114.35,0
23.23,52.45,114.65,1
23.35,54.61,111.11,0
22.98,52.63,109.86,0
23.82,52.66,112.24,0
23.62,50.45,117.13,0
24.14,52.4,116.91,0
23.02,53.35,110.02,0
23.23,51.37,115.0,0
23.48,51.61,110.13,0
23.65,53.08,111.21,0
23.32,50.74,108.61,0
23.06,53.19,110.01,0
23.77,51.53,117.57,0
23.71,51.59,111.26,0
23.06,50.78,111.42,0
23.98,52.2,103.45,0
23.91,54.21,109.08,0
23.5,52.45,109.36,0
23.48,50.73,106.36,0
23.68,52.65,110.56,0
23.11,51.12,108.24,1
23.48,52.73,110.73,0
22.61,52.08,110.88,0
23.82,48.25,105.44,1
22.85,50.11,108.17,1
24.08,51.98,110.49,0
23.35,51.11,115.97,0
23.4,49.86,111.28,1
23.24,50.17,106.63,0
23.37,48.81,111.88,0
24.06,50.55,118.36,0
22.5,52.77,114.36,0
24.01,51.29,112.45,1
23.63,52.59,113.29,0
23.02,51.2,116.81,0
23.07,51.27,114.93,0
24.17,52.14,112.33,0
23.12,50.46,114.79,0
23.04,49.81,103.99,1
23.95,50.95,101.83,0
23.63,51.29,110.07,0
23.12,49.28,109.58,0
23.58,48.96,106.46,0
23.09,49.74,113.26,0
23.94,50.35,99.77,0
23.92,50.24,106.36,0
23.7,47.94,106.55,0
23.63,51.19,100.75,0
24.19,48.56,116.35,0
23.48,48.86,102.03,0
23.01,48.14,105.84,0
23.66,51.66,113.27,0
24.31,49.13,111.91,0
23.07,47.95,103.09,0
23.32,49.59,111.99,0
23.63,49.42,109.98,0
23.44,48.38,120.15,0
23.06,49.33,110.46,0
23.9,47.59,107.68,1
24.37,47.84,104.06,0
23.52,46.24,104.57,0
23.07,46.85,104.12,0
22.81,49.91,115.06,0
23.53,49.66,108.24,0
23.86,48.01,110.93,1
23.6,49.53,115.63,0
23.4,47.63,96.23,0
23.16,47.47,114.37,0
22.95,47.69,108.2,0
23.71,47.44,110.06,0
23.74,47.27,103.7,0
22.75,48.55,104.02,1
23.99,47.48,110.2,0
23.58,47.97,119.63,0
23.9,48.21,112.68,0
22.79,47.5,113.95,0
22.78,46.06,106.62,0
23.25,45.61,104.54,0
23.5,47.03,103.59,0
24.01,46.64,105.02,1
23.57,46.83,97.15,0
23.18,46.65,103.75,0
22.85,49.18,104.53,0
23.74,45.19,106.42,0
22.85,44.46,107.91,1
23.88,46.71,109.03,1
23.1,45.93,107.1,1
23.84,46.55,104.23,0
23.47,46.75,97.28,1
23.13,47.38,104.18,1
22.96,44.52,102.16,0
23.02,45.4,109.32,0
23.32,46.32,111.5,0
23.16,46.59,111.6,0
22.88,47.94,110.66,0
23.04,46.64,106.17,0
23.12,45.56,104.19,0
22.23,44.66,103.03,0
23.25,44.92,99.2,0
22.66,44.82,111.66,0
22.57,46.01,105.79,0
22.35,45.54,100.4,1
22.29,43.9,102.46,1
22.45,44.72,102.23,1
22.69,45.97,106.74,0
23.74,45.38,111.83,0
22.73,45.54,104.72,0
23.0,45.29,95.17,0
23.07,46.47,105.45,1
22.95,45.02,105.59,0
22.85,44.34,105.21,0
22.38,43.75,103.17,0
23.43,44.86,107.36,1
23.55,42.11,106.58,0
22.14,44.3,106.09,0
22.39,44.22,108.25,0
22.67,43.01,104.01,0
22.37,43.39,103.7,0
22.94,45.07,113.0,1
22.43,44.44,108.87,0
23.57,44.25,110.18,0
23.16,44.4,112.15,1
22.75,44.14,108.62,0
23.06,45.23,110.61,1
23.07,44.06,98.04,1
22.39,42.43,106.93,0
22.27,45.46,104.97,0
22.6,44.15,114.25,0
22.9,43.14,110.47,1
22.59,42.43,102.66,1
21.88,44.03,107.65,0
22.17,43.47,106.6,0
22.44,45.11,108.01,0
22.42,43.15,100.62,1
23.22,42.61,107.49,0
21.86,44.3,104.53,0
22.59,44.28,107.06,0
22.97,43.48,102.01,0
23.26,43.94,102.68,1
22.17,43.19,111.45,0
22.5,43.42,100.31,0
22.51,44.31,100.66,0
22.34,43.73,105.27,0
22.2,42.89,101.65,0
22.4,44.37,101.06,0
21.19,40.62,105.99,0
22.45,45.0,97.92,1
22.21,41.2,100.39,0
22.04,42.24,115.68,1
22.93,42.79,107.69,0
21.82,42.65,101.65,0
21.91,43.77,107.45,0
22.84,41.67,108.18,0
21.69,42.96,110.3,0
21.78,42.09,104.68,0
21.92,42.93,110.18,0
22.29,42.54,95.09,0
22.01,42.67,99.99,0
21.39,41.99,106.08,0
21.67,42.0,106.89,0
21.62,42.77,100.67,0
21.8,43.4,106.51,0
21.98,41.84,102.09,1
21.96,41.54,103.81,0
21.05,43.0,110.3,1
22.17,42.33,109.71,0
21.82,43.17,100.17,1
22.25,41.41,99.86,0
21.85,40.51,103.08,0
22.08,41.74,104.99,0
21.81,41.48,101.83,0
22.13,42.15,110.31,1
21.78,41.58,106.84,0
21.51,42.93,107.12,0
22.43,41.89,98.75,0
21.85,42.31,110.91,0
21.7,42.3,90.97,0
20.94,42.33,109.23,0
20.91,42.09,109.73,0
21.52,42.61,102.89,0
21.43,41.29,111.41,0
21.1,43.48,104.72,0
21.38,41.83,105.34,0
21.94,40.75,106.72,0
21.55,42.24,120.96,0
20.79,41.19,111.74,1
21.18,42.7,108.52,0
20.88,44.24,100.45,1
21.02,41.23,105.73,0
20.99,42.35,100.94,1
20.94,40.25,109.12,0
20.6,42.46,105.71,0
21.03,41.12,99.38,0
20.83,41.38,105.41,0
19.85,40.9,100.75,1
21.82,42.73,105.76,0
21.41,43.01,100.7,0
20.8,42.02,105.14,0
20.93,41.14,108.75,1
20.43,43.6,104.74,0
21.55,41.26,103.05,0
21.61,39.85,106.02,0
20.89,42.48,108.49,0
21.21,40.92,99.48,1
20.85,43.02,106.32,0
20.22,41.66,111.61,0
20.56,42.65,107.89,0
20.75,43.46,105.32,1
20.5,40.86,108.23,0
20.57,41.51,107.3,1
20.59,42.01,108.81,0
20.57,43.64,94.93,0
20.6,41.46,97.29,0
20.13,41.53,110.08,0
20.24,42.62,97.54,1
19.99,41.58,107.08,0
20.87,42.33,103.32,0
19.61,40.64,100.11,1
20.89,44.42,106.85,0
20.96,40.88,106.11,0
20.26,41.93,115.67,0
19.32,42.24,102.0,0
20.19,44.2,112.34,1
20.28,40.99,106.91,0
19.88,44.32,101.85,0
20.06,43.11,109.16,0
20.85,42.8,108.01,0
20.48,41.42,105.37,0
19.82,43.0,106.53,0
19.53,41.73,102.23,0
20.01,43.75,101.1,0
20.04,41.54,109.04,0
20.3,42.43,104.14,0
19.86,42.01,104.87,0
20.26,41.61,106.68,0
20.8,43.37,106.62,0
20.33,43.2,98.17,1
19.96,43.9,111.76,0
19.89,40.95,105.95,0
19.79,43.82,104.35,1
20.39,45.3,107.53,0
19.64,42.38,106.58,0
19.89,44.76,109.25,1
19.87,42.64,108.12,0
19.62,41.57,109.04,0
19.25,42.67,112.22,0
19.91,44.06,109.9,1
19.73,42.22,104.7,1
19.94,42.5,99.91,1
19.5,43.73,113.88,0
20.18,43.18,104.37,0
19.32,43.8,103.22,0
20.34,43.5,96.92,0
18.93,43.79,107.32,1
19.78,42.92,106.39,0
19.78,43.63,98.09,0
19.25,42.51,107.96,0
19.72,44.78,103.22,0
20.04,42.9,119.19,0
18.62,44.71,102.91,0
19.69,43.4,103.61,0
18.47,43.88,101.43,0
19.06,43.23,112.22,1
20.08,42.76,103.99,0
19.18,42.08,102.26,0
18.92,42.82,109.44,1
19.29,43.61,99.03,0
20.18,44.19,109.09,0
18.6,45.05,114.89,0
18.89,43.64,108.85,0
19.9,43.26,109.23,0
20.02,42.76,110.42,0
19.22,44.73,114.65,0
18.75,45.69,112.17,0
20.06,45.63,108.35,0
19.85,45.13,110.7,0
19.46,45.12,101.78,0
18.85,46.24,110.12,0
19.14,44.93,101.24,0
19.07,45.3,104.47,0
19.25,44.4,90.92,0
19.69,43.42,108.37,0
19.44,44.15,103.18,1
18.64,44.89,111.98,0
19.61,45.02,108.41,0
19.17,46.95,112.11,0
19.3,45.17,101.11,0
19.6,46.33,111.75,0
18.55,44.78,117.12,1
18.97,44.97,110.45,0
18.75,44.01,110.61,1
18.33,44.67,107.54,0
19.08,46.0,104.11,0
19.93,45.55,110.57,1
18.17,46.55,99.27,0
18.88,45.86,104.75,1
19.14,45.39,98.02,1
18.92,47.96,103.39,0
18.81,45.78,110.15,0
18.32,47.11,109.51,0
18.93,45.62,107.27,0
18.52,46.8,107.91,0
17.93,47.08,97.67,0
19.27,46.44,105.27,0
19.17,43.94,103.76,0
18.79,46.39,103.92,0
18.85,47.67,110.25,0
19.18,47.04,102.99,0
18.83,47.03,104.31,0
19.09,44.93,96.93,0
18.6,46.01,105.94,0
19.23,47.21,102.01,0
18.83,47.29,107.89,1
18.77,48.16,102.78,0
18.17,46.88,108.1,0
18.79,47.5,106.89,0
18.33,47.19,116.02,0
18.4,46.26,110.19,0
18.32,45.07,98.55,0
18.21,47.83,101.47,0
19.48,47.65,108.11,0
19.15,46.93,103.23,1
19.38,46.01,93.08,0
18.12,48.33,114.71,0
18.63,47.51,111.61,0
18.07,48.41,110.66,0
18.31,49.8,105.07,0
18.21,45.87,110.29,0
19.07,47.39,104.67,0
18.41,47.96,109.27,0
18.99,49.7,103.68,0
18.8,46.69,115.92,0
19.47,50.34,100.53,0
17.95,48.62,114.59,0
19.04,48.46,108.67,0
19.0,48.44,106.08,0
18.14,48.28,109.41,0
18.93,49.84,112.29,0
18.66,47.81,115.51,0
18.43,49.3,110.29,1
18.19,48.65,104.32,0
18.23,48.35,109.1,1
19.33,51.78,117.95,0
18.51,49.69,115.66,0
18.82,49.97,113.52,0
18.19,50.57,113.0,0
18.19,48.09,112.57,1
18.94,51.34,114.92,0
17.96,47.16,106.89,0
18.34,48.98,102.45,0
18.51,49.37,109.63,0
18.54,50.49,105.25,1
18.43,50.21,104.11,0
18.66,49.9,105.84,0
18.78,50.14,121.92,0
18.79,49.25,110.23,1
18.11,48.81,111.41,0
18.39,51.12,103.54,1
18.98,51.16,100.49,0
18.86,52.14,105.67,0
17.96,49.84,117.01,0
18.65,51.4,111.55,0
17.72,50.51,112.92,0
18.53,52.06,113.68,0
19.28,51.97,107.09,0
18.14,51.24,117.04,0
18.19,50.77,106.99,1
18.83,52.15,117.24,0
17.91,51.91,112.48,0
18.28,50.66,101.38,0
18.78,50.1,106.64,0
18.29,51.21,101.52,1
18.45,53.1,116.32,0
18.85,52.81,110.43,0
18.73,50.63,99.47,0
18.67,50.65,112.55,0
18.44,53.17,108.05,0
18.73,50.84,103.37,0
18.53,52.56,119.24,0
18.77,51.51,111.45,0
18.4,53.82,109.5,1
18.53,51.51,109.03,0
18.21,53.5,103.52,1
18.6,52.62,104.63,1
18.3,52.76,117.64,0
18.19,50.61,108.9,0
18.75,50.46,111.44,0
18.74,52.51,101.17,0
18.97,53.06,104.87,0
18.5,51.76,114.57,0
18.84,51.87,113.47,0
18.91,53.6,120.41,0
18.87,53.67,118.42,0
18.38,53.04,110.61,0
18.78,54.03,114.2,0
18.87,52.15,110.31,0
18.74,53.04,122.23,1
17.91,55.12,117.77,0
18.82,53.61,112.93,0
19.65,53.74,113.15,0
18.64,55.99,119.44,0
18.5,52.36,115.17,0
18.95,54.62,120.13,0
18.94,55.56,101.44,1
19.31,53.64,114.78,0
18.34,54.9,109.96,0
19.15,53.12,121.38,0
19.1,53.49,120.4,0
18.82,54.63,112.9,0
19.03,55.11,120.48,0
19.32,55.5,121.78,1
19.27,56.01,113.3,0
18.48,54.44,125.35,0
19.28,55.77,112.9,0
18.94,54.3,112.06,0
19.01,55.61,117.52,0
19.02,54.98,111.49,0
18.95,55.28,113.76,1
19.5,55.32,120.44,0
19.01,53.36,113.56,0
18.61,53.9,105.06,1
18.91,55.19,115.44,0
19.16,53.46,110.19,0
19.59,56.04,118.06,0
19.36,56.14,117.28,0
18.8,55.66,121.23,0
20.15,54.27,118.48,0
19.28,56.83,119.46,0
19.7,57.54,110.73,0
19.14,55.71,118.17,0
19.43,56.13,124.06,1
19.57,55.88,110.84,0
19.74,56.26,123.35,0
19.7,55.67,111.68,0
19.64,55.81,110.23,0
19.19,56.8,116.04,1
19.1,58.3,118.21,0
19.48,54.61,119.26,0
19.74,55.95,109.97,0
19.3,54.93,117.02,0
19.83,57.75,111.49,0
20.01,55.62,107.54,1
19.08,54.82,110.41,0
19.13,56.95,111.37,1
19.43,58.1,117.81,0
19.63,57.07,121.03,1
19.31,56.66,107.97,0
20.08,56.91,117.17,1
19.73,57.96,109.6,0
19.6,55.72,118.7,1
19.03,56.53,112.51,0
19.1,56.23,110.44,0
19.76,55.56,119.77,0
18.82,56.44,112.91,1
20.09,57.92,114.33,0
19.65,57.42,104.89,0
21.03,57.54,120.79,0
20.68,57.08,120.24,0
19.7,57.5,116.23,0
19.76,56.21,108.64,0
20.22,56.74,122.4,0
20.52,57.28,113.09,0
19.21,57.4,114.23,1
19.17,57.48,128.13,1
19.66,57.06,113.12,0
20.16,56.85,120.43,0
20.15,60.42,119.6,0
20.4,58.21,118.81,0
19.52,57.74,118.34,0
19.1,57.13,118.89,0
20.39,56.94,118.44,0
19.74,57.29,116.9,0
19.28,57.75,124.79,0
20.17,55.6,110.74,0
20.46,55.94,122.48,0
20.11,56.9,121.56,0
20.0,57.77,121.02,0
20.15,57.35,123.18,0
20.09,59.09,117.21,0
19.72,56.16,108.4,0
20.0,56.91,117.46,0
20.51,59.2,112.94,0
20.46,57.84,114.31,0
20.42,58.61,111.83,0
19.98,59.8,115.73,0
20.33,57.07,115.21,0
19.56,57.69,106.38,0
20.52,57.53,121.84,0
21.05,55.87,129.52,0
19.91,57.53,121.52,1
20.29,58.73,117.55,0
20.68,58.41,118.37,0
21.07,58.5,116.61,0
20.42,57.52,119.24,0
20.35,57.25,118.68,0
19.86,59.19,114.73,0
20.71,57.43,127.43,1
21.51,58.24,111.65,0
20.83,58.11,122.76,0
20.74,59.42,118.73,0
20.9,58.94,128.82,0
20.79,56.68,121.09,1
20.5,56.79,117.66,0
21.18,58.56,118.3,0
20.96,57.93,119.81,1
20.9,57.54,113.97,0
20.53,59.01,115.93,0
21.47,58.19,110.91,1
21.24,58.05,115.3,0
20.77,58.78,120.46,0
21.42,57.62,121.56,0
20.85,59.57,110.24,1
20.76,57.21,119.53,1
20.79,58.65,123.11,0
20.41,59.42,119.55,1
21.33,56.61,117.27,0
20.44,57.64,118.45,0
20.7,59.12,117.88,0
20.39,59.13,117.48,0
21.21,57.79,121.61,0
21.21,57.22,132.35,0
21.16,58.9,117.17,0
20.9,59.12,119.37,1
20.88,56.76,120.78,0
21.56,56.71,117.68,1
21.17,58.13,126.68,1
21.55,58.52,109.41,0
21.09,57.57,118.68,0
21.54,58.54,125.5,0
22.01,57.13,120.02,0
21.75,55.71,117.46,0
21.38,57.39,123.84,0
21.67,57.86,126.24,0
21.49,57.5,122.84,0
21.62,56.6,117.85,0
21.51,55.92,124.21,0
21.6,57.2,120.0,0
21.77,58.59,125.81,1
21.31,58.93,129.57,0
21.33,58.83,109.2,1
21.2,56.81,122.86,0
21.14,56.44,113.7,0
21.32,58.07,134.66,0
21.89,58.18,120.19,0
21.5,57.92,126.33,0
22.08,55.48,122.5,1
21.91,56.6,118.73,0
21.14,57.4,118.21,0
22.21,57.89,130.82,0
22.29,58.14,127.75,0
21.6,57.49,132.76,0
22.18,57.64,123.39,0
21.7,57.36,124.63,0
22.1,57.93,121.93,0
21.58,57.52,121.9,1
21.39,57.24,118.2,0
21.98,56.87,123.9,0
22.1,57.18,119.61,0
22.01,57.55,125.84,0
21.72,57.29,124.55,0
22.06,57.37,125.21,0
22.35,58.29,132.22,0
22.24,57.17,123.73,0
22.36,56.22,127.77,0
22.04,57.71,134.32,0
22.79,55.42,130.67,0
21.88,55.66,129.97,0
22.56,57.03,122.75,0
22.86,57.17,125.5,0
22.6,55.36,117.83,1
22.35,56.18,126.99,0
22.24,55.91,125.94,0
22.88,55.98,124.75,0
21.92,57.37,129.84,0
22.12,57.08,118.74,0
22.37,56.31,133.02,1
23.04,55.73,129.43,0
22.72,54.88,124.64,0
22.2,57.6,124.32,0
22.48,56.72,127.54,0
22.38,55.37,132.81,0
22.36,56.74,125.78,0
23.06,55.9,126.06,0
22.13,55.63,125.5,0
23.35,56.3,134.39,0
23.05,55.07,123.71,0
23.17,55.41,125.48,0
22.57,55.82,133.01,0
22.71,55.14,126.5,0
22.22,56.25,131.52,0
22.6,57.39,121.34,1
23.02,54.71,124.94,1
23.36,53.74,133.46,0
22.42,53.35,122.73,0
22.73,55.14,125.42,1
22.83,54.56,127.53,0
22.35,55.38,121.37,0
23.16,55.24,124.31,0
22.65,53.44,127.01,0
22.88,53.17,126.75,0
22.79,55.21,132.98,0
22.67,54.99,134.36,0
23.0,54.37,122.44,0
22.93,53.07,127.34,0
22.88,55.13,130.22,0
22.75,55.87,134.5,0
23.19,54.81,130.58,0
23.74,53.62,128.5,0
23.14,54.44,130.45,0
23.5,52.97,130.55,0
22.56,55.32,122.61,0
23.19,54.28,128.28,0
22.7,52.36,134.67,0
22.56,53.76,126.41,0
22.87,54.45,128.16,0
23.66,53.59,126.36,0
23.57,53.57,116.07,0
23.3,52.56,127.81,0
22.6,54.28,129.28,0
23.15,52.99,125.27,0
23.36,51.41,122.12,0
23.32,53.12,123.56,0
22.52,54.4,131.84,0
22.91,52.96,137.95,0
23.25,55.02,135.06,0
23.51,53.63,121.49,0
22.42,53.47,132.55,0
23.25,52.93,125.02,0
23.38,52.91,125.49,0
23.67,52.65,126.15,1
23.62,52.53,132.05,0
23.58,53.29,133.38,0
23.04,51.75,128.16,0
22.6,51.53,128.3,1
23.21,51.41,131.09,1
23.78,54.5,131.67,0
23.94,52.91,134.77,0
23.68,52.61,122.53,0
23.57,51.17,129.11,0
23.56,52.77,123.73,0
23.19,51.96,128.87,0
23.37,52.21,128.06,0
24.09,50.94,129.01,0
23.06,52.0,125.31,0
24.08,51.34,121.93,0
23.32,50.92,118.95,0
23.98,52.34,128.83,0
22.89,49.99,127.39,0
23.69,52.01,126.22,0
23.17,52.05,136.27,0
22.9,50.41,125.42,0
23.56,50.39,136.85,0
23.88,50.91,137.95,1
23.14,51.34,120.13,1
22.88,50.82,130.4,0
23.45,51.33,128.0,0
23.45,52.58,115.49,0
23.71,50.23,122.88,1
23.87,48.94,134.04,0
23.47,51.4,140.31,0
24.24,52.18,134.79,0
23.59,50.81,131.95,0
23.36,49.25,130.27,0
22.85,50.13,138.85,0
23.39,49.06,141.23,0
23.37,50.74,127.61,0
23.88,48.67,120.6,1
23.68,49.64,120.16,1
23.03,48.85,137.31,0
23.57,49.9,130.52,0
23.77,49.33,131.72,0
24.11,49.79,121.9,1
23.85,49.56,127.14,0
23.8,48.47,129.48,0
23.52,50.0,132.05,0
23.65,49.25,129.07,0
23.99,48.23,125.93,0
22.95,51.38,127.24,0
23.34,49.53,137.26,0
23.17,48.83,132.49,0
23.63,50.31,134.37,0
23.96,50.66,126.87,0
23.23,48.6,116.64,1
22.51,49.01,128.84,1
23.3,47.6,127.17,0
23.82,48.36,133.3,1
23.67,48.23,148.03,0
23.62,48.53,135.13,0
23.33,48.6,145.38,0
22.92,48.75,134.59,0
23.64,48.35,128.64,0
23.09,46.83,133.58,0
24.29,47.02,140.79,0
23.64,47.34,141.08,0
23.17,47.52,129.1,0
23.15,48.78,133.28,1
23.35,46.49,124.92,0
23.29,47.22,136.23,0
23.82,48.45,139.92,0
23.44,47.12,132.4,0
23.07,47.81,128.9,0
24.11,47.13,134.08,0
23.36,47.45,134.41,0
23.64,46.89,132.77,0
23.08,47.71,133.3,0
23.46,45.43,131.58,0
23.43,46.54,137.47,0
22.54,47.12,136.22,0
24.09,47.29,127.66,0
23.79,48.17,127.56,0
23.11,46.22,131.39,0
22.81,48.01,136.38,1
23.38,45.8,133.48,0
23.27,47.72,129.56,0
23.36,47.14,134.12,0
23.28,45.34,131.2,0
23.4,46.49,137.3,0
23.76,46.06,134.6,0
23.4,46.66,131.39,0
22.74,45.75,134.16,0
23.69,45.59,139.62,0
23.79,47.2,130.23,0
24.38,45.66,135.13,0
22.66,46.52,132.8,0
23.19,45.4,135.32,0
22.25,47.23,129.95,1
23.29,44.82,133.81,0
22.83,44.82,138.83,0
23.81,46.89,128.64,0
22.71,44.85,126.72,0
22.33,46.84,126.94,0
22.8,46.06,127.58,0
22.19,44.95,136.44,1
23.26,43.23,126.47,0
22.12,44.96,132.04,0
22.94,45.02,136.65,0
22.08,46.03,135.68,0
22.77,46.39,131.7,0
23.54,44.05,134.61,0
23.01,45.48,134.22,0
22.5,45.38,132.6,0
22.82,45.63,132.69,0
22.82,45.0,144.96,0
22.99,42.5,137.85,0
22.23,44.23,146.24,0
23.0,43.17,131.38,0
21.66,44.07,133.47,0
22.48,45.2,127.26,1
22.51,44.47,129.9,0
22.94,45.25,143.49,0
22.68,44.39,131.39,0
22.09,42.7,143.63,0
22.24,41.43,127.84,0
22.7,44.04,128.82,0
22.56,43.63,132.4,0
22.35,42.82,133.82,0
22.37,42.04,138.77,0
22.82,42.96,136.44,1
22.31,43.45,132.13,0
22.46,44.26,133.57,1
23.35,43.74,132.66,1
21.89,45.11,129.71,0
21.7,42.42,129.86,0
22.73,44.29,139.46,0
22.12,43.41,125.21,0
22.25,44.01,142.45,0
22.04,42.84,132.67,0
22.23,44.3,130.55,0
22.95,43.49,138.13,0
22.61,42.47,141.88,0
22.61,43.1,140.06,0
21.68,42.83,137.0,0
21.77,43.52,139.94,0
21.07,41.81,125.95,0
21.86,42.92,131.94,0
22.54,43.31,130.01,0
22.34,42.91,140.71,0
22.03,44.19,132.68,0
22.08,43.58,138.84,0
21.8,42.76,137.31,0
22.13,42.95,130.34,0
22.33,43.0,131.73,0
21.36,43.07,141.15,0
22.1,40.81,130.82,0
22.33,42.31,135.34,0
21.77,41.09,130.81,0
22.19,43.83,133.17,0
23.01,42.46,134.52,0
21.82,42.3,130.85,0
22.0,43.36,129.98,1
21.52,42.86,136.22,1
21.87,41.28,130.58,0
21.95,42.32,130.76,0
21.82,42.03,130.13,0
21.31,40.6,134.45,0
21.78,41.63,139.57,0
22.26,42.11,142.39,0
21.83,42.16,131.24,0
22.01,40.77,145.63,0
21.51,43.39,129.87,1
21.88,42.11,140.32,0
21.66,42.23,131.3,0
21.15,42.58,130.56,0
21.63,41.38,131.2,0
21.08,42.6,134.67,0
21.2,41.77,137.84,0
21.51,41.22,138.29,1
21.52,42.68,130.23,0
20.9,43.58,130.01,0
21.78,42.81,130.38,0
21.56,42.99,134.41,0
21.02,41.54,133.92,0
20.67,40.45,130.23,0
21.2,43.53,136.33,0
21.05,44.09,146.3,0
21.25,43.57,132.46,0
21.04,41.69,132.82,0
20.35,40.86,137.79,0
20.98,40.95,132.2,1
20.98,40.32,138.34,0
21.33,41.9,131.41,0
20.78,43.61,144.16,0
21.7,41.86,136.72,0
20.24,42.3,131.9,0
21.51,43.38,132.06,0
20.87,41.6,132.43,0
21.28,44.04,141.86,0
20.94,44.0,128.65,0
21.34,41.88,131.66,0
20.7,41.44,132.19,0
20.39,42.72,134.91,0
21.37,41.68,133.63,0
20.74,40.87,127.53,1
20.85,43.32,132.98,0
21.23,43.26,134.48,0
20.29,42.21,131.83,0
20.92,40.8,138.4,0
20.42,40.85,139.56,0
20.58,42.19,134.57,0
20.64,41.6,136.11,0
19.98,41.77,124.14,0
20.25,43.15,132.84,0
21.07,42.87,139.96,0
20.86,43.53,132.81,1
20.46,41.18,131.23,0
20.56,41.85,146.3,0
20.32,42.97,144.0,0
20.95,42.67,137.23,0
20.31,43.78,140.58,0
20.46,42.68,123.75,0
20.8,44.13,130.93,0
20.0,42.85,132.51,0
20.91,43.39,133.67,0
19.65,42.03,132.38,0
20.9,42.39,122.07,0
20.07,43.31,136.74,0
20.1,44.04,137.52,0
19.42,43.18,142.8,0
19.97,42.4,130.83,0
19.71,43.88,130.41,0
19.86,40.34,121.35,0
20.02,41.14,133.27,0
20.44,43.27,139.22,1
20.12,42.64,131.65,1
20.13,43.26,145.41,1
19.55,42.75,133.39,0
19.61,43.29,135.39,0
20.66,41.94,127.83,0
19.62,43.36,136.06,0
20.56,43.82,124.71,0
19.78,44.08,138.06,0
19.85,44.91,138.2,0
20.26,43.18,141.35,0
20.32,43.24,129.44,0
19.74,41.49,135.32,0
19.61,42.52,137.32,0
19.72,42.89,136.69,0
19.86,44.18,130.13,0
20.05,42.56,122.48,0
19.68,44.01,136.16,1
19.9,43.25,133.64,0
20.29,43.12,131.55,0
19.77,43.59,138.18,0
19.72,43.0,134.11,0
18.97,43.0,127.72,1
18.5,41.77,124.63,0
19.69,43.28,128.62,0
19.47,43.09,146.21,0
19.29,43.1,137.83,0
19.57,44.09,135.14,1
19.43,44.38,133.26,0
19.88,44.0,132.91,0
19.45,44.81,139.96,0
19.1,44.44,131.64,1
19.77,43.63,136.96,1
19.27,43.51,132.3,0
19.55,44.34,143.72,0
19.13,44.65,137.7,0
19.04,45.53,140.19,1
19.32,45.38,131.01,0
19.27,43.7,139.2,0
19.44,44.2,132.32,0
19.12,45.03,134.4,0
18.48,45.48,142.0,0
19.02,45.41,128.58,0
19.49,44.46,134.78,1
19.04,43.33,135.92,0
19.04,43.65,136.3,0
19.52,44.98,131.42,0
18.82,45.11,144.07,0
18.48,43.73,127.14,1
19.01,44.93,140.87,0
18.87,45.58,139.62,0
18.66,43.86,143.02,0
18.96,46.18,125.54,0
19.21,44.76,129.1,1
19.0,46.46,140.87,0
19.11,44.73,124.0,1
19.7,44.3,125.32,0
18.82,44.94,130.87,0
19.05,45.37,134.24,0
18.72,45.14,141.2,0
18.57,45.38,132.28,0
18.67,46.0,130.13,0
18.69,45.56,134.69,0
19.02,45.73,135.45,0
19.8,44.16,135.27,0
18.56,46.33,132.14,0
18.67,45.91,123.21,0
18.8,47.68,128.36,0
18.97,45.2,140.01,0
18.9,44.4,133.81,0
19.3,46.9,131.22,0
17.8,46.7,138.39,0
17.81,45.42,127.11,0
18.55,44.97,131.59,0
19.18,48.11,133.37,0
18.1,48.06,130.43,0
17.52,44.23,133.1,0
18.94,46.33,131.62,0
18.8,48.53,125.52,0
18.25,46.46,133.38,0
18.29,46.52,125.79,0
18.28,46.8,133.22,0
18.71,46.04,139.22,0
18.4,45.53,130.9,0
18.84,48.36,126.4,0
17.5,45.54,131.58,0
18.29,47.71,128.01,0
18.17,48.42,135.1,0
18.51,46.16,131.35,0
18.39,46.76,140.59,0
18.92,48.98,137.81,1
17.85,48.38,131.19,0
18.6,47.3,135.48,0
18.8,49.2,129.89,0
19.32,49.28,131.98,0
18.37,48.42,129.96,1
18.69,47.33,135.55,0
17.83,47.89,138.84,0
17.59,48.67,135.62,0
18.88,48.28,136.19,0
18.54,49.48,136.15,0
19.01,47.09,134.24,0
17.98,47.21,125.74,0
18.74,48.96,139.89,0
19.27,48.37,140.36,0
18.69,48.31,130.12,0
18.63,47.25,129.39,0
18.52,49.12,134.25,0
17.88,49.12,133.89,0
19.05,49.91,130.08,0
18.26,49.41,124.79,0
18.71,49.28,132.52,0
17.88,50.67,133.69,0
18.03,48.26,134.51,1
19.08,50.19,132.58,0
18.36,48.06,129.42,0
19.08,48.98,135.7,0
18.47,48.68,131.0,0
17.76,50.76,128.3,0
18.86,49.99,129.67,0
18.26,50.12,121.79,0
18.78,49.11,129.55,0
18.51,50.0,133.85,0
17.89,49.61,132.05,0
18.57,50.84,137.9,0
19.38,49.54,128.93,0
18.7,51.95,132.63,0
18.49,49.02,134.1,0
18.94,49.97,141.79,0
18.6,52.53,130.75,0
18.6,50.5,124.75,0
18.08,49.7,134.15,1
18.62,51.31,139.18,0
18.94,50.7,128.19,1
18.2,50.42,133.95,0
19.1,50.23,135.83,0
18.5,54.18,134.71,1
18.19,51.24,130.2,0
18.95,49.64,126.02,1
18.44,53.14,129.05,0
18.86,52.33,131.69,1
18.45,51.03,133.88,0
18.55,50.95,130.95,0
18.77,52.63,127.32,1
18.7,51.79,131.94,0
17.79,50.19,133.4,0
18.15,53.98,130.94,0
18.97,51.83,124.8,0
18.56,53.84,128.01,1
18.41,53.7,133.6,0
18.08,51.49,121.88,0
18.2,53.6,118.27,0
17.83,51.99,136.22,0
18.61,50.85,131.17,0
18.42,52.37,131.59,0
18.28,53.27,123.11,0
18.65,52.48,132.12,0
18.83,52.71,129.74,1
19.53,54.24,120.38,0
18.1,53.27,135.37,0
19.18,52.4,128.97,0
19.11,54.02,126.14,0
18.42,53.58,126.16,0
18.83,50.94,117.92,0
18.57,53.96,130.89,0
18.84,53.99,129.17,0
19.38,53.69,126.83,0
19.03,54.64,134.13,0
19.01,53.14,120.75,0
18.64,54.22,124.62,0
18.23,52.39,123.29,1
18.76,54.43,126.08,0
19.33,56.05,127.75,1
18.25,53.17,129.5,0
18.46,53.47,125.55,0
18.94,53.59,122.83,0
18.51,54.49,135.58,1
18.6,53.37,139.14,0
18.76,54.92,127.73,1
18.4,55.41,123.17,0
18.57,55.16,134.26,0
19.26,52.93,119.58,0
18.47,55.75,125.08,1
18.37,55.76,123.2,0
18.77,55.72,120.82,0
19.33,55.32,125.15,0
18.97,55.23,122.16,0
18.88,56.11,126.48,0
19.1,57.06,126.48,0
18.4,54.24,123.17,0
19.31,56.34,124.36,0
19.29,55.23,124.99,1
18.99,55.25,130.12,0
19.57,53.9,125.26,0
18.73,55.21,130.06,1
19.65,54.56,128.8,0
19.28,55.15,128.66,0
19.1,54.57,132.67,0
19.25,55.27,120.06,0
19.23,55.37,123.22,0
19.78,55.93,134.34,0
18.88,54.27,124.16,0
19.02,54.5,111.3,0
19.76,56.36,124.29,1
19.13,55.25,125.91,0
19.74,57.17,112.08,0
20.08,56.38,131.77,0
19.26,56.81,121.46,0
19.71,57.66,126.6,0
19.0,55.99,123.76,0
19.78,55.78,118.37,0
19.58,57.27,119.39,0
19.71,56.96,120.0,0
19.28,56.31,130.03,0
18.9,57.93,123.79,0
19.78,56.37,121.85,0
18.78,56.66,119.71,0
19.5,56.7,130.3,0
20.02,55.78,131.56,0
19.74,56.84,130.1,0
20.46,58.2,126.56,0
20.12,57.29,125.48,0
19.47,56.92,117.88,1
19.76,56.77,122.65,1
19.75,57.3,120.39,0
19.16,57.76,114.61,0
19.44,57.65,128.95,0
19.61,56.75,120.11,0
19.05,57.44,129.5,0
19.9,57.64,127.85,0
19.8,56.18,126.16,1
19.26,57.39,126.36,0
20.11,55.1,120.15,0
20.26,57.78,132.44,0
20.09,57.99,123.3,0
19.89,58.1,124.52,0
20.28,56.99,119.69,0
20.34,57.73,118.2,0
20.21,58.87,125.17,0
19.78,58.89,123.8,0
20.25,57.48,118.69,0
20.64,57.67,115.37,0
19.94,58.67,116.14,0
21.04,56.08,128.4,1
20.02,57.29,119.28,0
20.27,58.97,120.57,0
20.01,58.63,129.45,0
20.39,58.05,116.51,1
19.63,56.2,118.41,0
20.13,57.67,118.13,0
19.94,57.15,129.99,0
20.45,58.09,131.79,1
20.82,56.97,125.51,0
20.7,56.78,125.59,0
19.52,55.75,118.7,0
21.31,59.06,131.26,0
20.64,57.45,122.79,0
20.23,58.02,125.64,0
20.63,57.88,120.77,0
20.66,56.83,119.88,1
20.35,56.65,129.47,0
20.72,56.91,123.77,0
20.42,57.21,128.26,0
20.53,58.31,122.2,0
20.44,57.15,116.61,0
20.17,59.7,117.86,0
20.82,58.99,121.22,0
21.03,58.78,117.49,0
21.02,57.86,115.01,0
21.17,59.5,126.48,0
21.0,57.77,117.68,1
20.68,57.96,121.02,1
21.25,58.17,121.73,1
20.4,58.7,117.24,0
20.61,58.64,127.36,0
20.61,57.52,114.44,1
21.45,57.47,121.26,0
21.42,58.64,121.11,0
21.26,58.71,119.53,0
21.52,57.6,113.24,0
20.76,56.4,124.01,0
21.28,57.78,123.29,0
21.12,58.61,116.12,0
21.53,59.78,122.96,0
21.17,56.77,121.23,0
21.09,57.54,112.87,0
21.48,57.57,114.93,0
21.64,59.3,124.82,0
21.05,57.9,120.6,0
21.32,57.02,116.16,0
20.94,58.47,114.61,0
20.39,57.5,116.25,0
21.49,56.66,116.53,0
21.68,56.98,114.45,0
21.57,59.6,109.89,0
20.71,58.23,124.23,0
21.37,57.94,123.31,0
20.65,57.56,112.01,0
22.11,58.09,118.99,0
21.15,58.06,113.72,0
22.11,58.05,116.85,1
22.01,57.85,116.36,1
21.3,58.59,115.87,0
21.23,57.72,127.95,0
21.85,56.7,115.66,1
21.39,57.04,113.74,1
21.8,55.65,113.9,0
21.59,59.63,122.85,0
21.09,58.44,109.3,0
20.93,56.72,113.67,0
21.94,57.24,124.65,0
21.65,56.86,118.56,0
21.67,59.01,118.23,0
22.2,56.02,127.85,1
22.41,57.52,118.35,0
21.86,57.27,113.5,0
21.85,58.17,115.56,0
22.21,57.21,111.22,0
21.49,55.52,123.1,1
22.15,57.0,119.62,0
22.3,56.24,122.3,0
22.37,57.26,122.67,0
21.35,58.58,114.46,0
21.84,55.37,111.74,0
21.82,56.27,116.13,0
22.23,56.48,111.95,0
22.41,56.61,117.07,0
22.83,57.7,121.83,0
22.06,56.74,115.26,1
22.08,57.29,116.77,0
22.76,56.21,115.48,1
22.44,57.02,119.89,0
22.85,57.53,112.47,1
22.48,55.97,104.75,0
21.92,57.44,118.02,0
21.87,56.67,120.53,0
21.8,57.62,117.75,0
22.71,56.33,112.25,0
22.94,56.86,109.7,0
23.23,56.39,117.78,1
22.84,56.29,115.94,0
22.99,56.6,114.53,1
22.31,56.82,124.2,0
22.1,54.99,110.29,0
22.92,57.62,123.83,0
22.77,54.28,115.04,0
22.67,55.4,105.63,0
22.8,55.94,113.84,0
22.79,56.39,119.47,0
23.19,57.5,112.77,0
23.22,54.01,107.16,0
22.93,55.31,113.64,0
23.07,53.64,110.1,0
22.96,55.74,116.78,0
22.59,55.92,118.12,0
23.09,57.18,108.9,0
22.25,55.66,110.58,1
23.24,56.52,117.83,0
22.36,56.0,109.68,0
22.97,54.92,108.5,0
22.53,53.89,107.94,1
23.11,55.51,115.53,0
22.89,53.69,115.25,0
22.28,56.41,110.21,1
23.11,54.89,113.59,0
22.72,56.19,121.13,0
23.32,54.45,108.56,0
22.98,55.14,103.6,0
23.16,55.01,115.57,0
22.63,54.69,112.68,0
22.79,54.24,109.61,0
22.86,55.0,116.36,1
23.4,53.62,117.22,0
23.74,53.27,101.92,0
22.76,55.65,109.63,0
23.53,55.07,124.42,0
22.24,54.34,115.68,0
22.65,55.87,116.08,0
22.76,53.87,118.5,0
22.61,55.4,112.65,0
22.53,54.18,116.49,1
23.34,52.91,116.03,0
23.1,55.71,115.07,1
23.35,54.78,110.7,0
23.49,53.6,113.11,0
23.33,54.38,109.24,0
23.5,53.18,112.18,0
23.22,54.34,106.21,0
22.78,51.05,108.04,0
23.69,52.34,110.51,1
23.04,54.27,107.14,0
22.91,52.97,109.28,0
23.23,53.35,110.92,0
22.94,51.72,113.69,0
23.15,54.85,116.36,1
23.46,54.11,109.23,0
23.48,52.65,118.16,0
22.99,52.37,116.12,0
23.16,53.73,113.89,0
23.79,54.61,112.07,0
23.57,53.5,112.84,0
24.21,54.64,117.12,0
23.86,51.47,117.24,0
23.85,51.5,117.74,0
22.84,51.05,111.21,0
23.71,52.61,113.72,0
23.39,52.26,117.6,0
23.2,51.86,107.7,1
23.49,52.74,109.17,0
23.81,53.09,110.78,1
23.64,50.25,115.14,1
23.09,51.1,115.16,0
23.75,52.44,109.37,0
23.2,51.07,102.93,0
23.54,50.67,111.64,0
23.34,52.4,105.76,0
23.38,50.02,102.85,0
23.78,50.93,103.92,0
23.06,51.48,111.82,0
24.26,50.5,116.93,1
22.75,51.77,110.27,0
23.24,50.34,111.07,1
23.63,52.24,115.87,0
23.72,50.63,102.18,0
23.45,51.34,112.45,0
23.47,51.34,109.74,1
23.66,49.88,112.57,0
23.4,48.38,107.27,0
24.05,50.71,105.54,1
23.83,50.34,110.28,0
23.85,50.75,117.77,0
23.11,49.89,113.77,1
23.47,49.6,106.88,1
23.38,51.96,102.66,0
23.1,48.4,100.9,0
23.64,50.53,115.84,1
23.28,49.14,104.43,1
23.76,49.3,107.52,0
23.07,49.23,115.71,0
24.18,48.67,100.98,0
23.13,49.96,116.46,0
23.58,50.7,107.68,0
23.81,49.7,103.15,0
23.26,49.26,107.61,0
23.82,48.09,105.18,0
22.99,49.51,110.95,0
24.06,51.07,105.46,0
23.48,48.46,99.09,0
23.23,48.38,107.5,1
23.35,48.12,101.77,1
23.78,48.11,109.52,0
23.22,45.77,102.52,1
23.15,48.85,105.97,0
23.36,47.52,109.27,0
22.97,46.67,107.25,1
24.16,48.96,109.52,0
23.2,47.05,111.62,0
23.76,47.71,102.38,0
23.5,49.44,107.8,0
23.02,46.49,91.43,0
23.4,46.29,109.27,1
23.71,48.01,106.49,0
23.32,48.82,103.03,1
23.86,46.02,109.48,1
23.78,47.92,113.72,0
23.74,48.02,105.43,0
23.18,45.3,103.04,0
22.92,48.08,108.55,0
23.1,48.09,101.0,0
23.41,46.82,104.34,1
23.54,48.31,113.71,0
22.45,48.12,107.87,0
23.3,47.02,98.12,0
23.36,46.39,98.49,0
23.18,45.79,108.24,0
23.79,46.66,111.7,1
23.43,47.19,99.26,1
23.78,46.22,109.56,0
23.16,44.28,113.92,0
23.61,47.67,116.67,0
23.88,46.52,108.85,0
23.74,45.88,109.69,0
22.76,47.05,96.45,0
23.09,47.65,117.57,0
23.04,43.25,104.16,0
23.36,46.42,102.33,0
23.42,44.49,105.69,0
22.8,46.34,114.48,0
23.15,45.9,117.93,0
22.3,46.34,107.48,0
23.67,45.14,111.81,0
22.88,43.7,107.0,1
23.09,45.06,101.56,0
22.93,45.85,114.09,0
23.5,46.39,103.57,1
21.89,44.14,114.32,0
23.0,46.27,113.1,0
22.95,44.54,109.64,0
22.8,45.48,115.69,0
23.66,44.55,117.67,0
22.6,45.18,105.6,0
23.24,45.82,102.4,0
23.06,43.64,97.09,0
23.41,44.13,117.6,1
22.62,44.93,104.15,0
22.58,47.09,111.99,0
23.29,43.77,102.58,0
23.01,46.61,113.95,0
22.2,46.52,102.73,0
22.59,44.36,100.24,0
22.94,44.1,105.13,0
23.1,43.65,103.48,0
22.48,44.21,109.09,0
21.56,42.82,105.83,0
22.92,44.1,109.19,0
22.21,45.61,104.57,1
21.87,43.45,102.67,0
21.52,43.77,103.06,0
22.96,42.26,116.17,0
22.67,44.28,107.05,0
22.51,44.12,95.98,0
23.14,43.87,103.27,0
22.82,43.54,106.33,1
23.19,43.41,115.05,0
21.97,44.16,110.94,1
22.49,43.58,101.16,0
21.84,43.87,117.84,0
22.37,43.73,105.57,0
22.34,44.59,111.93,0
22.67,44.1,99.91,0
22.42,43.57,93.67,0
22.63,44.85,98.59,0
22.64,43.7,89.36,1
23.2,44.55,116.15,0
22.19,43.81,106.65,0
21.92,41.32,100.93,0
22.37,44.42,107.8,0
21.93,43.21,106.46,0
22.82,42.98,108.6,1
22.1,43.28,111.52,0
21.96,42.61,104.01,0
21.98,43.15,101.04,0
22.43,42.29,109.56,0
22.06,44.12,109.41,0
21.84,42.7,105.89,0
22.74,42.39,116.26,0
21.71,41.82,103.16,0
22.04,42.98,100.84,0
22.27,42.86,107.41,0
21.33,43.03,101.93,0
22.15,41.59,107.77,0
21.52,40.98,101.11,1
22.24,43.18,103.26,0
21.51,44.01,114.7,1
22.14,41.47,103.21,0
22.29,44.06,101.23,0
22.17,42.73,111.06,0
21.9,42.41,99.94,0
21.68,41.99,101.72,0
21.52,40.98,108.06,0
22.31,43.33,109.85,0
21.42,41.55,111.25,1
21.26,41.52,101.4,0
21.92,43.27,108.11,0
21.31,40.37,102.79,0
21.23,40.71,102.08,0
21.0,42.2,111.12,1
21.36,42.49,102.35,0
21.5,42.67,106.48,1
21.6,41.86,105.86,1
21.86,44.68,99.72,0
21.67,41.91,109.89,0
21.36,41.89,107.86,0
21.33,41.31,95.12,0
21.59,42.22,106.43,0
21.87,42.7,101.17,0
21.39,43.28,110.52,0
21.12,40.57,97.8,0
20.89,41.81,103.24,0
20.68,42.49,106.83,0
21.5,42.62,105.29,0
21.44,42.04,108.83,1
21.42,42.56,97.42,0
21.11,41.21,113.27,0
21.7,43.57,107.63,0
20.92,43.0,111.8,0
21.47,40.66,109.37,1
21.05,40.93,104.94,0
20.79,40.95,98.58,1
21.25,42.68,102.18,0
21.15,40.72,112.95,1
21.1,41.67,111.93,0
20.97,42.46,101.9,1
20.9,41.94,90.91,1
21.84,42.27,103.94,0
21.33,40.95,103.57,1
21.13,42.61,103.76,0
20.86,41.41,107.65,0
21.19,41.7,109.39,0
20.97,42.27,109.97,1
20.75,42.15,107.25,0
20.59,42.08,96.02,0
20.65,41.31,103.32,0
19.39,41.77,116.55,1
20.72,42.09,106.91,0
20.42,40.72,106.88,0
21.23,41.65,106.85,0
20.57,42.51,107.13,0
20.06,40.86,93.15,0
20.49,43.31,103.87,0
20.07,43.44,104.89,0
20.65,40.94,111.49,1
20.56,43.56,105.33,0
20.8,42.08,96.87,0
20.08,42.66,107.26,0
20.38,41.76,101.1,0
19.8,43.2,99.05,0
20.6,42.71,100.97,0
20.5,41.51,107.87,1
20.47,41.18,111.46,0
20.25,40.91,107.59,0
20.39,42.58,108.35,0
20.84,42.99,107.56,0
20.06,43.1,105.72,0
20.21,42.36,108.71,1
19.7,41.34,93.14,0
19.76,41.85,105.81,0
20.12,43.71,100.04,0
20.5,42.1,111.09,0
19.93,42.76,104.56,0
19.92,41.57,105.46,0
19.83,43.02,97.8,0
19.75,42.26,110.42,0
20.06,43.79,108.49,0
19.32,43.55,108.16,0
20.41,42.32,101.32,1
19.61,42.73,101.54,1
20.14,42.34,106.54,0
19.33,41.51,101.97,0
20.08,42.11,107.63,0
20.06,43.2,94.67,1
19.92,43.37,103.06,0
19.35,43.23,114.5,0
19.82,42.82,107.73,0
19.23,44.09,106.39,0
19.58,43.27,115.5,0
20.07,43.95,93.92,0
19.96,41.52,101.54,0
19.62,39.41,103.63,0
19.21,43.66,109.95,0
19.83,42.0,110.06,1
19.56,43.26,101.38,0
18.61,43.21,110.72,0
19.83,45.15,103.73,0
19.49,44.01,111.83,1
19.96,43.82,100.64,0
19.02,44.54,105.21,1
18.17,44.13,103.4,0
19.53,43.35,111.15,0
19.51,44.93,103.28,0
18.7,42.8,105.71,0
18.97,44.29,108.48,0
20.44,42.47,108.7,0
19.2,44.27,110.44,0
19.6,44.32,107.09,0
19.03,45.85,103.97,0
18.43,42.67,104.34,0
19.18,43.69,106.24,0
19.13,45.17,107.39,0
19.05,44.74,105.44,0
19.15,44.64,106.3,0
19.29,43.56,98.64,0
19.1,43.98,109.6,0
18.64,45.88,107.2,1
19.32,44.64,111.33,0
18.33,45.13,106.35,0
18.28,44.7,97.69,0
19.38,43.69,104.62,0
19.27,45.87,105.45,0
19.03,45.5,110.19,0
18.47,47.37,96.16,0
18.73,44.11,106.75,0
18.9,46.01,109.15,0
18.35,43.94,103.3,0
18.68,45.48,107.02,0
19.22,46.36,103.55,0
19.51,43.38,103.07,0
18.76,45.31,104.71,0
19.22,45.02,103.23,0
18.14,44.95,110.24,0
19.15,46.1,103.18,0
18.55,46.9,102.38,0
18.99,45.72,115.77,0
18.75,46.13,111.77,0
19.36,46.1,97.7,0
18.47,46.06,103.22,0
19.06,45.04,108.29,0
18.69,47.31,108.74,0
18.73,46.57,99.7,0
18.7,46.74,112.99,0
18.43,45.61,111.36,0
18.75,46.02,109.68,0
18.72,46.38,114.1,0
18.83,45.09,109.62,1
18.76,45.01,109.64,0
19.03,46.17,115.22,0
19.07,47.37,112.98,0
18.27,46.27,103.31,0
19.03,45.98,110.73,0
18.2,46.25,104.28,0
18.9,46.69,110.17,1
18.9,46.87,110.07,0
17.88,49.46,100.81,0
18.68,48.42,107.16,0
18.44,48.47,109.14,0
18.32,48.69,105.68,0
19.16,46.6,109.48,0
18.35,46.45,111.98,1
18.28,46.64,107.84,0
18.62,49.16,109.16,0
18.86,47.36,115.0,0
18.52,46.73,110.5,0
19.04,47.63,109.18,0
18.78,47.9,103.43,0
17.69,48.48,111.62,0
18.35,48.54,109.97,0
18.33,47.54,114.78,0
18.74,49.14,108.65,0
17.49,47.89,99.38,1
19.56,48.45,100.01,0
18.75,49.37,112.23,0
18.59,48.12,105.75,0
19.0,48.27,110.84,0
19.46,49.52,109.27,0
18.87,48.15,107.92,0
18.9,48.7,108.32,0
18.57,49.72,104.52,0
18.45,51.3,108.82,0
18.32,49.93,106.03,0
18.18,49.87,107.14,0
18.23,50.01,107.44,0
17.96,48.49,107.97,1
18.47,49.76,113.77,0
17.83,49.69,108.56,1
18.58,50.12,114.38,0
18.49,50.0,117.0,1
18.56,50.34,113.64,0
18.29,49.73,112.09,0
19.73,50.18,111.11,0
19.04,48.97,113.85,0
18.0,49.96,110.03,0
18.6,51.75,114.56,0
18.26,50.76,112.76,0
18.1,50.5,107.94,0
17.97,52.5,114.28,0
18.68,49.32,110.31,0
18.24,49.65,109.38,0
18.9,52.55,107.58,0
18.91,50.96,110.85,0
19.07,50.76,115.06,1
18.18,49.88,114.58,0
18.72,51.6,111.96,0
18.78,51.78,113.25,0
18.34,50.22,116.66,0
18.23,51.25,109.61,0
19.19,51.14,104.84,0
18.64,51.81,116.98,0
18.81,50.51,107.89,0
18.23,52.96,107.14,0
18.08,52.7,101.67,0
18.34,51.5,113.57,0
18.53,51.72,102.66,1
18.16,51.88,107.08,0
18.58,51.32,113.83,1
17.92,51.73,114.56,0
18.15,51.98,107.75,0
18.88,53.94,110.4,0
18.86,53.35,106.77,0
18.47,53.41,108.45,0
18.22,52.93,112.58,0
18.23,51.51,108.8,0
18.5,52.66,110.15,0
18.91,53.75,104.11,0
19.04,51.6,117.16,0
18.48,53.57,114.11,0
18.22,55.33,115.58,0
18.8,54.14,118.13,0
18.37,54.57,107.62,1
18.51,53.44,110.01,0
19.25,54.27,102.4,1
19.06,52.65,127.64,0
18.81,54.24,111.25,0
18.25,54.17,117.25,0
18.85,53.88,105.93,0
19.2,54.98,117.17,0
18.64,53.19,121.54,0
19.34,53.61,112.01,0
19.33,53.97,107.33,0
19.49,52.91,111.75,1
18.96,54.24,101.38,1
19.08,52.36,112.39,0
19.43,55.2,116.75,0
19.05,54.26,112.53,0
18.69,53.76,111.35,0
18.72,53.52,115.48,0
19.01,54.18,115.92,0
18.41,55.17,104.67,0
18.89,55.1,113.48,0
19.4,53.91,125.28,0
18.1,53.84,106.49,0
19.6,55.4,112.81,0
19.45,54.09,123.01,1
18.83,54.93,118.89,0
19.25,55.06,110.87,0
19.05,55.31,114.54,0
19.56,55.92,113.56,0
19.47,53.86,109.9,0
18.54,53.27,113.34,0
19.35,54.68,112.38,0
19.05,57.11,114.41,0
19.18,57.39,110.17,0
18.87,57.26,107.6,0
19.88,55.29,113.84,0
19.61,53.76,122.7,0
18.92,53.26,114.6,0
18.7,55.04,112.6,0
19.1,55.51,118.1,0
19.44,57.07,113.61,0
19.38,56.69,123.81,0
19.81,56.1,114.52,1
19.64,55.04,118.11,0
19.73,55.02,110.9,0
19.49,56.29,117.26,0
18.82,56.79,116.19,0
19.32,56.53,114.61,0
19.84,55.16,112.45,0
19.42,56.89,111.84,0
19.66,56.72,116.51,1
19.35,55.27,118.32,1
19.08,55.61,114.61,0
19.47,57.13,116.75,0
19.66,56.25,115.19,0
19.29,58.12,115.95,0
19.48,57.08,114.53,0
19.22,56.14,115.69,0
20.07,56.66,129.16,0
19.52,56.77,117.3,0
20.24,56.03,119.04,0
20.29,55.88,118.08,0
19.67,57.54,114.64,0
19.32,57.73,122.5,0
18.91,57.52,114.65,0
19.18,58.48,121.45,1
19.24,56.46,114.58,0
20.36,58.71,111.52,0
19.88,56.17,118.22,0
20.01,56.1,110.94,0
18.99,55.39,119.22,0
19.42,56.74,110.64,1
20.28,56.72,115.09,0
20.06,57.78,109.6,0
19.91,57.53,130.95,0
20.22,56.13,108.64,0
20.67,56.96,117.03,0
19.95,57.01,122.77,0
20.09,55.64,122.31,1
20.16,56.46,121.46,0
21.06,56.7,115.69,0
19.29,58.93,124.1,0
20.43,57.72,121.99,0
20.13,58.22,118.56,0
20.43,56.08,118.77,0
19.96,58.8,116.12,0
20.23,58.93,113.17,0
20.56,55.65,123.98,0
21.54,56.97,124.43,0
20.64,58.19,113.52,0
20.0,58.36,117.25,0
