temperature,humidity,gas,motion,label
20.62,55.99,75.57,0,1
18.7,59.84,75.46,0,1
24.58,50.58,41.44,0,1
20.32,57.93,58.64,0,1
23.52,56.93,64.23,0,1
26.72,50.54,59.81,1,1
19.86,60.52,53.23,1,1
23.71,49.09,57.13,0,1
19.71,54.42,46.05,0,1
21.54,64.03,51.21,1,1
24.17,51.78,78.5,0,1
20.21,58.85,48.63,0,1
22.7,49.64,105.16,0,1
19.3,57.96,46.37,0,1
20.84,56.12,50.48,0,1
19.31,65.61,45.63,0,1
18.79,63.4,45.66,0,1
21.15,54.24,48.37,0,1
19.68,55.4,96.27,1,1
22.95,54.12,116.46,0,1
20.6,57.63,42.45,0,1
24.99,45.01,93.6,0,1
21.86,53.12,86.08,0,1
21.35,56.28,108.68,0,1
22.49,43.39,438.65,0,-1
26.77,46.22,65.36,0,1
22.47,53.48,46.74,0,1
20.31,54.33,47.55,0,1
19.41,63.52,58.19,0,1
20.38,53.23,112.9,0,1
23.3,57.35,124.09,0,1
26.58,46.91,49.22,0,1
46.77,15.0,72.08,1,-1
49.13,21.83,105.03,1,-1
25.43,49.07,40.23,0,1
22.82,51.8,110.93,1,1
18.77,61.02,54.02,0,1
24.51,50.13,75.29,0,1
33.07,96.89,46.94,0,-1
24.04,48.95,84.67,0,1
21.43,59.71,47.26,0,1
21.66,55.76,54.98,0,1
21.27,46.56,48.52,0,1
25.39,49.17,55.12,1,1
24.46,54.87,51.75,1,1
25.31,48.96,61.32,0,1
20.1,54.8,41.89,0,1
14.71,67.03,49.51,0,1
23.14,54.98,42.57,0,1
23.38,56.47,43.61,0,1
21.23,51.66,49.3,0,1
24.74,49.69,47.83,0,1
19.92,58.31,51.22,0,1
20.53,52.49,42.0,0,1
21.57,57.0,40.12,0,1
22.59,54.7,76.82,0,1
21.65,52.59,43.78,0,1
21.39,59.97,78.4,0,1
21.4,52.48,150.0,0,1
22.1,56.76,50.12,0,1
18.68,61.85,88.91,1,1
18.61,54.98,44.3,0,1
25.56,52.6,46.98,0,1
21.98,55.68,83.17,0,1
18.44,60.4,76.12,0,1
22.78,51.44,51.61,1,1
23.77,49.2,51.36,1,1
22.66,55.62,53.72,1,1
22.45,52.42,50.37,0,1
21.8,48.92,52.29,0,1
19.18,63.83,40.89,1,1
19.98,52.3,62.99,0,1
19.31,59.39,53.53,1,1
24.25,45.4,47.28,0,1
24.31,47.83,40.83,0,1
18.9,57.75,42.6,0,1
21.76,57.34,108.43,0,1
28.73,50.65,68.76,0,1
23.52,52.52,53.57,1,1
25.13,55.99,94.26,0,1
19.74,60.41,71.85,0,1
23.31,57.08,61.55,0,1
20.54,54.23,73.15,0,1
29.98,48.39,40.66,0,1
17.33,64.46,67.71,1,1
27.41,42.28,54.61,0,1
21.76,56.14,57.97,0,1
22.15,54.8,44.59,0,1
21.73,50.74,458.25,0,-1
18.42,61.41,43.5,1,1
20.13,58.28,50.32,0,1
20.67,55.45,40.41,0,1
23.18,49.76,142.18,0,1
21.75,54.12,47.56,0,1
21.52,51.04,67.15,0,1
23.3,53.68,43.87,0,1
24.49,52.49,44.89,1,1
24.72,52.75,96.1,0,1
24.4,51.19,65.96,1,1
17.03,59.3,50.68,0,1
19.93,61.48,53.75,0,1
23.37,52.26,117.06,0,1
22.05,54.79,127.31,1,1
23.25,57.96,54.17,1,1
21.45,57.34,86.16,1,1
26.41,50.8,100.31,0,1
26.7,46.92,40.15,0,1
21.16,55.26,50.03,0,1
24.95,48.62,69.98,0,1
21.03,57.25,41.41,0,1
18.45,59.86,51.2,0,1
21.82,56.34,112.21,0,1
19.18,58.32,78.1,0,1
20.44,56.21,68.02,1,1
26.19,52.26,40.91,0,1
20.2,56.03,142.1,0,1
21.34,54.62,47.46,0,1
24.6,58.43,65.5,0,1
20.02,51.67,56.89,0,1
23.54,52.3,63.71,0,1
21.57,55.31,50.64,0,1
24.93,49.52,54.34,0,1
22.16,47.64,492.59,0,-1
19.14,60.59,62.65,1,1
17.69,57.38,61.6,0,1
22.24,59.63,125.47,0,1
21.1,53.15,45.18,0,1
22.3,45.89,292.56,0,-1
17.18,60.48,63.35,0,1
24.1,47.38,79.69,0,1
19.91,57.53,40.92,0,1
23.43,50.2,56.99,0,1
22.49,46.79,42.62,1,1
21.48,53.45,108.36,0,1
27.04,49.01,81.39,1,1
19.62,58.82,48.81,1,1
20.1,53.27,71.29,0,1
22.31,60.27,50.88,1,1
21.78,56.52,61.81,0,1
28.8,44.37,126.53,0,1
24.33,49.14,100.05,0,1
22.67,55.22,40.24,1,1
39.73,19.21,43.78,0,-1
22.95,50.2,81.56,1,1
20.56,52.15,59.75,0,1
22.46,55.28,49.86,0,1
24.28,56.49,65.92,0,1
27.31,46.39,60.83,1,1
25.47,48.71,50.58,0,1
19.22,61.29,77.76,0,1
23.27,54.41,40.68,0,1
18.48,65.22,47.71,0,1
19.36,59.3,59.04,0,1
45.83,19.74,73.48,0,-1
21.66,57.55,80.83,0,1
20.83,54.76,106.68,0,1
23.27,55.93,61.18,0,1
19.91,54.98,45.74,0,1
24.98,48.79,52.84,0,1
22.65,50.83,49.48,1,1
19.03,59.53,42.84,0,1
20.49,54.22,59.57,0,1
23.69,51.71,91.79,0,1
21.84,52.79,57.54,1,1
22.87,50.65,61.77,0,1
23.51,52.69,82.96,0,1
23.24,51.92,127.28,0,1
19.32,56.24,71.75,0,1
24.71,46.72,42.63,0,1
20.77,56.35,55.17,1,1
18.77,57.59,57.76,0,1
23.27,56.43,94.03,0,1
24.7,53.27,58.71,0,1
21.48,59.16,56.9,0,1
18.21,60.01,63.93,0,1
21.28,62.84,84.87,0,1
20.89,59.32,74.3,0,1
24.04,52.0,42.69,0,1
21.04,56.49,42.79,0,1
21.58,52.91,61.77,0,1
22.89,51.24,106.65,1,1
20.68,53.68,43.32,0,1
21.02,54.36,57.23,0,1
18.46,52.43,40.34,0,1
21.76,57.92,48.37,0,1
21.26,50.08,63.46,0,1
23.51,51.87,52.92,1,1
20.18,60.75,75.45,1,1
23.6,50.68,45.85,0,1
19.98,59.18,42.45,0,1
19.18,57.38,62.21,0,1
22.02,55.15,44.87,1,1
20.97,56.44,40.11,1,1
20.4,62.61,64.23,0,1
23.59,57.57,43.95,0,1
22.2,63.49,40.05,1,1
21.3,56.1,42.19,0,1
17.56,62.45,61.42,0,1
23.2,54.49,45.72,0,1
22.44,60.38,70.44,0,1
23.46,50.5,68.42,0,1
24.87,54.28,43.97,1,1
23.14,52.55,48.17,0,1
26.25,45.43,91.62,0,1
19.31,61.4,56.77,0,1
22.47,48.91,42.56,0,1
22.36,54.01,46.36,0,1
24.66,54.37,45.94,0,1
19.38,58.24,59.85,0,1
22.55,51.41,72.79,0,1
23.18,51.59,58.44,1,1
23.43,49.92,62.09,0,1
19.94,57.59,59.95,0,1
20.08,60.06,49.9,0,1
21.09,53.12,99.53,0,1
21.61,54.28,70.68,0,1
46.75,23.16,83.97,0,-1
19.36,56.03,59.92,1,1
25.26,52.05,62.24,0,1
23.31,58.7,82.45,0,1
24.46,47.45,57.3,0,1
17.74,61.5,51.13,0,1
21.99,53.3,50.71,0,1
19.71,49.02,41.48,0,1
22.28,53.8,51.68,0,1
23.11,54.76,41.91,0,1
23.53,54.6,54.22,0,1
22.06,57.19,52.99,0,1
22.77,53.78,49.91,0,1
20.35,60.07,58.7,0,1
19.23,59.42,49.95,0,1
17.57,56.41,72.8,1,1
18.98,62.05,55.39,1,1
20.78,61.32,72.82,1,1
20.17,54.14,76.1,0,1
24.93,47.19,62.06,0,1
20.96,53.78,69.78,0,1
24.9,48.75,74.66,0,1
21.82,53.28,47.35,0,1
48.66,19.55,67.96,1,-1
18.42,54.65,40.09,0,1
20.93,61.65,53.93,1,1
21.72,55.21,50.95,0,1
16.98,63.54,41.47,0,1
23.32,48.49,127.6,1,1
22.58,54.86,40.34,0,1
27.06,47.21,105.99,0,1
22.67,53.53,50.16,1,1
18.24,65.26,55.57,0,1
21.91,51.39,96.24,1,1
18.39,61.67,97.41,0,1
20.86,56.84,150.0,1,1
22.49,53.17,134.46,0,1
21.0,49.04,49.07,0,1
19.29,60.27,43.55,0,1
22.56,57.02,50.33,0,1
19.07,60.54,52.7,0,1
21.34,62.4,50.67,0,1
19.59,54.71,46.2,0,1
19.53,66.43,52.66,0,1
22.22,54.54,63.72,0,1
21.55,59.17,61.04,0,1
21.83,55.02,51.08,1,1
23.38,52.53,82.02,0,1
24.33,54.41,91.75,0,1
26.28,52.55,87.79,0,1
20.49,54.15,63.64,0,1
24.74,51.61,58.99,1,1
22.54,54.22,48.94,0,1
22.74,55.7,40.32,0,1
19.22,62.06,64.75,0,1
22.19,56.05,56.33,0,1
32.65,90.03,102.06,0,-1
22.6,56.11,89.78,0,1
22.72,49.29,68.71,1,1
22.57,59.1,66.52,0,1
28.4,42.59,60.13,1,1
25.35,50.56,61.69,1,1
28.21,46.15,102.46,0,1
19.39,59.93,69.66,0,1
21.37,57.4,43.94,0,1
22.4,53.92,40.52,0,1
19.55,60.02,143.41,1,1
18.58,65.01,52.96,0,1
21.16,57.57,56.86,0,1
25.12,46.95,123.68,0,1
18.89,57.23,40.54,0,1
22.58,60.5,46.44,0,1
28.61,45.13,42.02,0,1
22.64,55.71,95.28,0,1
25.7,46.92,68.48,1,1
20.68,56.24,45.35,0,1
24.12,51.35,85.28,0,1
20.35,60.73,88.38,0,1
18.21,61.03,61.04,0,1
21.94,58.54,59.99,0,1
24.79,54.84,150.0,1,1
25.3,50.12,65.3,0,1
21.85,54.58,93.82,0,1
23.9,55.91,53.27,0,1
19.34,56.43,57.85,1,1
16.25,63.67,40.03,0,1
19.53,59.67,87.1,0,1
20.11,59.18,45.04,0,1
19.66,61.82,60.6,0,1
21.46,56.46,40.01,0,1
24.38,48.52,79.58,0,1
25.12,43.87,61.64,1,1
23.47,50.73,67.11,0,1
20.97,55.86,45.11,0,1
22.97,52.16,44.64,0,1
19.63,57.94,40.24,0,1
22.58,52.0,121.8,0,1
35.15,87.07,67.9,0,-1
20.93,54.14,129.62,0,1
19.5,53.45,105.65,1,1
18.22,58.43,53.12,0,1
19.88,54.26,45.69,0,1
19.72,50.1,373.76,0,-1
25.99,51.85,63.56,0,1
20.06,49.25,260.22,0,-1
22.55,49.98,56.71,0,1
23.6,51.73,41.8,0,1
23.79,52.54,55.68,0,1
25.88,47.67,48.64,1,1
15.94,63.4,42.6,0,1
22.85,53.38,89.56,1,1
20.78,53.43,47.15,0,1
22.22,51.75,69.22,0,1
24.59,47.65,101.49,0,1
25.08,50.99,71.57,0,1
22.83,56.14,70.56,0,1
20.71,53.76,150.0,0,1
18.07,53.95,121.94,0,1
18.44,66.54,53.88,1,1
24.92,54.69,42.23,1,1
21.23,51.81,120.37,0,1
20.97,59.79,40.89,0,1
24.93,51.82,57.47,0,1
23.38,56.43,48.69,0,1
19.27,53.27,53.41,0,1
24.4,52.85,83.63,0,1
24.1,50.79,57.41,0,1
20.38,57.27,56.79,0,1
20.75,57.23,58.73,0,1
22.37,58.5,42.03,0,1
22.65,59.7,313.85,0,-1
23.22,50.31,42.41,1,1
19.15,56.72,44.26,0,1
21.33,54.62,54.2,0,1
21.14,56.6,55.27,0,1
24.37,52.59,70.16,0,1
19.27,66.57,49.87,0,1
21.48,57.28,44.24,0,1
22.34,39.12,483.73,0,-1
27.31,41.65,44.73,0,1
23.93,58.73,56.29,0,1
22.78,56.92,41.11,1,1
21.44,51.1,70.27,0,1
22.71,58.22,40.49,0,1
21.38,54.69,47.94,0,1
22.24,52.22,40.72,0,1
16.21,59.64,54.34,0,1
22.04,50.74,46.12,0,1
25.12,50.43,81.71,0,1
23.53,53.05,49.04,0,1
19.12,59.24,41.33,0,1
17.6,61.64,45.94,0,1
23.22,52.13,74.47,1,1
24.91,52.24,42.96,0,1
24.28,54.29,40.01,0,1
26.07,47.72,74.79,0,1
26.43,52.75,46.97,0,1
19.57,58.68,48.27,0,1
17.07,61.56,77.61,1,1
20.48,60.45,61.41,0,1
22.47,51.77,84.74,0,1
18.2,62.9,63.83,0,1
19.44,60.93,40.1,0,1
22.81,54.53,99.29,0,1
18.53,56.22,87.58,0,1
22.11,54.53,66.57,0,1
18.69,67.32,44.04,1,1
22.21,56.06,45.16,0,1
23.22,54.53,76.1,0,1
21.75,54.71,51.88,0,1
21.91,53.7,61.5,1,1
22.05,54.31,52.63,0,1
20.55,54.19,50.76,0,1
19.71,58.85,94.13,1,1
20.16,61.93,67.08,0,1
25.15,47.19,64.61,1,1
21.51,58.31,74.59,0,1
20.39,56.58,104.15,0,1
23.58,52.74,57.32,0,1
21.62,55.87,128.28,0,1
20.39,55.87,48.6,0,1
23.45,53.82,60.52,0,1
20.87,55.32,47.62,1,1
18.77,56.23,54.92,0,1
24.49,49.47,67.59,0,1
21.92,56.74,150.0,0,1
23.15,52.22,44.05,0,1
21.54,58.28,78.9,0,1
23.49,53.07,106.49,0,1
23.96,54.06,62.07,0,1
25.28,48.12,51.08,0,1
20.9,56.57,44.92,0,1
26.69,50.15,46.6,0,1
20.48,60.17,51.43,1,1
21.3,53.47,54.16,0,1
17.29,64.48,75.45,0,1
25.53,43.98,91.49,0,1
17.5,62.45,93.6,0,1
23.78,53.15,46.14,0,1
23.99,52.78,68.64,0,1
21.81,54.85,63.8,0,1
36.82,86.22,82.5,0,-1
24.75,50.11,82.19,0,1
20.63,56.42,41.09,0,1
24.12,50.46,46.16,0,1
26.76,44.74,42.44,0,1
22.4,52.97,59.77,0,1
26.1,47.15,43.03,1,1
18.0,58.84,76.39,1,1
32.15,90.72,104.92,0,-1
22.94,53.69,46.65,0,1
21.58,55.44,88.47,0,1
40.24,96.49,85.16,0,-1
24.52,49.41,41.96,0,1
17.72,62.56,104.57,1,1
20.33,55.88,56.42,0,1
21.23,57.25,84.53,0,1
19.26,57.13,44.37,0,1
21.24,61.16,42.93,0,1
19.17,52.83,42.74,0,1
18.87,61.82,46.42,0,1
24.52,53.6,52.0,1,1
25.63,50.26,45.96,1,1
22.35,48.27,41.26,0,1
24.05,49.32,46.12,0,1
21.45,58.43,75.98,1,1
22.21,52.41,52.0,0,1
23.54,45.55,69.86,0,1
20.12,50.91,48.44,0,1
22.85,55.3,53.32,0,1
23.74,54.07,84.23,0,1
20.72,57.34,50.71,0,1
17.33,61.76,63.0,1,1
21.18,55.8,47.25,1,1
25.19,56.05,59.33,0,1
22.53,55.05,70.15,0,1
23.52,52.52,60.95,0,1
19.57,57.53,44.72,1,1
20.01,58.33,79.01,0,1
21.98,61.63,54.08,0,1
25.95,52.28,70.22,0,1
21.02,55.88,66.31,0,1
21.64,53.88,103.81,0,1
25.62,47.7,61.98,1,1
20.24,61.06,57.33,0,1
24.77,51.54,49.28,0,1
26.26,45.33,79.78,0,1
21.87,58.7,68.44,1,1
24.31,48.62,94.12,0,1
18.82,59.96,53.98,0,1
23.7,52.57,41.6,1,1
23.57,51.47,130.87,0,1
22.6,55.39,357.93,0,-1
22.63,60.14,102.22,1,1
25.06,54.31,47.95,1,1
22.65,50.62,106.74,0,1
27.19,50.92,43.64,1,1
21.85,50.78,70.23,0,1
21.53,57.04,45.13,1,1
22.92,49.94,73.52,1,1
19.17,56.84,62.3,0,1
21.66,59.32,49.37,0,1
22.43,53.85,68.49,0,1
22.2,59.05,52.39,0,1
22.01,54.19,59.27,0,1
21.4,57.13,150.0,0,1
19.93,58.52,65.82,0,1
25.98,52.52,45.45,0,1
21.01,55.56,70.33,0,1
20.79,56.97,58.79,0,1
21.25,56.92,66.93,0,1
19.85,59.18,67.77,0,1
23.43,51.9,41.0,0,1
26.38,48.37,44.74,0,1
21.95,56.27,66.6,0,1
20.54,63.05,54.39,0,1
22.61,55.93,69.21,0,1
19.08,59.07,53.75,0,1
23.93,52.76,59.3,0,1
19.05,60.69,58.64,0,1
15.82,68.24,48.12,0,1
22.03,53.18,55.68,0,1
24.21,50.15,96.59,0,1
20.67,61.35,78.3,0,1
30.11,44.65,46.42,0,1
21.78,53.99,60.84,1,1
25.87,47.77,46.64,0,1
19.01,59.32,65.11,0,1
26.02,52.47,54.74,0,1
24.64,45.19,79.89,1,1
21.96,58.18,42.02,1,1
24.57,43.99,48.66,0,1
20.83,54.97,46.7,0,1
17.27,56.28,76.8,0,1
21.19,62.0,67.13,0,1
19.87,55.69,50.21,1,1
23.64,53.54,41.66,1,1
26.49,47.11,150.0,0,1
21.54,49.95,80.5,0,1
20.44,56.44,49.6,0,1
25.35,43.76,77.12,0,1
18.34,62.08,56.71,0,1
29.7,45.25,44.05,0,1
23.7,53.71,52.87,0,1
25.9,47.88,54.48,0,1
25.38,50.0,41.65,0,1
14.76,64.45,43.32,0,1
22.6,52.55,110.48,1,1
24.47,52.07,58.23,0,1
19.95,59.9,58.73,0,1
22.58,53.66,64.77,0,1
21.75,51.79,45.65,0,1
19.97,54.98,67.0,0,1
39.42,94.24,56.01,0,-1
22.23,52.14,47.5,0,1
19.88,61.45,102.06,0,1
21.29,57.21,82.78,0,1
20.77,51.77,79.01,0,1
18.31,63.72,42.97,0,1
20.26,54.7,96.91,0,1
18.97,61.34,71.54,0,1
24.7,48.27,51.9,0,1
22.04,56.09,101.4,0,1
20.99,48.82,362.62,0,-1
24.16,49.72,43.62,0,1
19.78,57.69,67.55,0,1
23.28,49.95,103.27,1,1
23.86,52.81,51.95,0,1
20.79,53.55,42.18,0,1
19.12,56.43,44.11,0,1
18.86,60.6,41.84,0,1
23.48,56.59,43.42,0,1
19.91,54.04,40.09,0,1
20.85,55.19,76.1,1,1
19.8,58.61,44.43,0,1
23.63,48.75,42.48,0,1
26.81,52.22,51.16,0,1
22.45,52.0,52.94,0,1
21.89,56.97,45.98,0,1
20.31,57.4,61.46,0,1
24.86,45.11,59.57,0,1
37.78,91.48,86.57,0,-1
22.47,51.25,250.93,0,-1
22.03,58.58,97.66,0,1
18.22,59.95,50.77,1,1
23.26,54.44,103.23,0,1
19.37,63.73,53.07,0,1
21.59,61.15,91.08,1,1
20.12,52.57,41.19,0,1
53.68,24.66,56.29,0,-1
23.05,55.55,104.87,1,1
24.82,57.87,43.86,1,1
23.5,55.87,57.26,1,1
22.8,49.31,46.8,0,1
49.1,19.34,52.85,0,-1
16.81,65.81,80.56,0,1
24.73,49.6,47.69,0,1
23.38,58.63,42.27,0,1
22.9,53.17,47.85,0,1
47.31,21.04,67.3,0,-1
22.76,49.01,42.96,0,1
20.3,61.85,60.34,1,1
23.51,52.64,63.13,0,1
21.67,57.17,56.56,0,1
21.8,53.67,41.16,0,1
23.46,49.82,72.05,0,1
20.2,57.8,119.72,0,1
22.56,58.87,85.04,0,1
17.08,61.58,40.2,0,1
26.39,46.68,58.01,0,1
19.76,57.06,140.11,0,1
22.94,50.23,93.13,1,1
20.8,59.94,52.8,0,1
23.04,54.62,98.11,0,1
20.54,64.71,43.8,0,1
22.3,55.99,92.8,0,1
20.46,56.7,58.52,1,1
19.54,57.76,41.98,0,1
23.24,53.01,44.59,1,1
23.09,49.46,44.65,0,1
17.33,63.65,44.33,1,1
20.64,54.56,49.3,0,1
20.85,49.2,41.4,0,1
20.59,58.23,41.82,0,1
20.67,59.59,41.46,1,1
20.02,60.66,141.89,0,1
20.5,57.26,61.73,0,1
24.3,50.92,57.0,1,1
19.03,53.67,58.55,0,1
24.57,52.0,56.32,0,1
25.98,50.32,72.62,1,1
23.43,52.89,74.58,0,1
20.92,57.5,40.4,0,1
39.85,89.9,73.17,0,-1
20.37,57.0,40.29,0,1
24.13,50.95,53.75,0,1
16.7,57.55,49.43,0,1
20.13,60.73,68.5,0,1
22.41,57.89,52.19,0,1
22.38,52.28,42.57,0,1
23.88,50.98,74.42,0,1
22.47,53.91,69.79,0,1
22.79,53.06,119.14,0,1
22.31,54.94,42.49,0,1
22.45,55.33,61.38,0,1
24.65,53.18,41.75,0,1
21.33,55.19,48.39,0,1
19.88,55.21,103.24,0,1
24.12,50.44,85.48,0,1
22.28,54.3,52.13,0,1
20.87,50.08,51.02,1,1
23.14,49.54,46.7,0,1
22.22,56.05,48.07,0,1
23.24,51.82,62.51,0,1
22.4,56.63,59.89,0,1
20.89,50.67,48.59,0,1
20.35,58.06,47.41,0,1
23.23,54.56,90.33,0,1
21.66,51.06,51.01,0,1
21.53,52.56,50.39,0,1
23.83,54.42,47.62,0,1
20.09,64.02,41.9,1,1
19.38,48.5,374.15,0,-1
22.18,57.22,104.0,1,1
22.44,52.82,40.16,0,1
24.68,52.61,50.14,0,1
21.49,55.23,60.39,0,1
23.31,51.38,55.24,0,1
25.21,49.75,69.32,0,1
23.06,50.82,43.66,0,1
20.87,58.77,107.13,0,1
22.52,55.71,51.49,1,1
20.84,58.65,46.13,0,1
22.99,57.76,52.36,1,1
22.77,56.04,48.65,0,1
18.62,61.67,49.78,0,1
23.59,53.12,87.69,1,1
19.68,62.58,44.98,0,1
23.18,49.86,76.02,0,1
25.5,49.47,50.84,0,1
24.95,43.8,74.67,0,1
16.9,58.11,110.6,0,1
24.41,56.4,51.31,0,1
22.12,56.41,74.34,0,1
18.06,60.14,77.21,0,1
21.04,56.27,48.81,0,1
23.38,56.43,41.13,0,1
21.57,54.79,45.73,0,1
21.11,58.9,47.93,0,1
23.89,47.62,43.01,0,1
20.37,62.3,93.31,0,1
20.05,57.36,150.0,0,1
23.48,58.04,42.77,0,1
21.78,53.56,85.83,1,1
23.96,58.65,48.96,0,1
22.96,56.68,77.69,0,1
22.91,51.83,54.24,1,1
20.24,53.08,60.02,1,1
21.08,53.15,42.34,0,1
20.17,55.24,52.03,0,1
20.97,58.98,46.74,0,1
24.15,46.59,46.77,0,1
22.61,54.8,73.35,1,1
25.2,54.6,87.56,0,1
21.51,56.73,69.71,0,1
21.39,51.69,56.75,1,1
25.45,47.88,65.19,1,1
21.55,57.9,48.09,0,1
22.55,53.31,94.6,0,1
22.87,55.42,68.01,0,1
23.98,61.26,40.97,0,1
20.35,50.42,82.45,0,1
21.77,56.26,45.38,0,1
43.82,18.82,101.56,0,-1
23.18,57.35,47.24,0,1
22.61,53.34,42.95,1,1
19.7,60.35,62.49,0,1
22.19,61.82,57.08,0,1
20.51,56.49,84.46,0,1
18.91,58.42,54.22,0,1
21.44,54.46,42.71,0,1
27.03,47.4,84.51,0,1
23.7,53.38,43.03,0,1
21.87,52.85,41.53,0,1
22.05,58.06,62.2,1,1
19.45,60.02,52.69,0,1
19.45,53.86,46.96,1,1
23.56,51.91,87.85,0,1
23.27,54.81,542.6,0,-1
47.65,23.07,59.79,0,-1
19.51,56.31,82.37,0,1
24.29,50.2,119.67,1,1
21.51,63.12,45.78,0,1
18.75,59.08,49.24,0,1
18.49,56.39,45.68,0,1
24.39,47.38,60.3,0,1
25.51,46.01,56.58,0,1
19.78,61.77,57.44,0,1
23.44,55.18,97.03,0,1
21.46,56.38,40.92,1,1
25.05,49.72,42.51,0,1
19.48,58.12,45.63,0,1
26.28,49.02,77.22,0,1
25.33,52.56,59.61,0,1
20.47,59.28,50.2,0,1
21.94,48.18,42.39,0,1
19.92,54.31,150.0,1,1
19.58,56.53,48.1,0,1
20.67,57.7,77.94,0,1
19.86,50.6,396.61,0,-1
20.18,61.08,51.68,0,1
22.77,58.39,44.91,0,1
19.95,56.25,55.35,1,1
20.36,55.15,53.13,0,1
38.71,16.91,57.08,1,-1
24.17,52.24,59.37,0,1
21.89,56.4,41.9,1,1
20.38,60.03,58.18,0,1
54.84,21.2,72.82,0,-1
48.36,21.9,91.44,0,-1
22.81,53.72,100.69,0,1
20.95,52.53,43.02,0,1
24.93,50.43,62.05,0,1
19.55,65.51,63.73,0,1
23.16,60.13,63.77,0,1
20.49,58.1,55.0,0,1
21.54,55.33,70.74,0,1
22.49,56.17,44.32,0,1
51.9,19.58,75.62,1,-1
24.19,54.7,110.01,0,1
26.69,50.65,63.11,0,1
21.58,53.8,63.92,0,1
22.12,51.03,83.21,1,1
23.22,55.41,65.77,0,1
19.84,58.04,78.91,0,1
22.73,56.74,81.49,0,1
40.24,85.52,99.92,0,-1
21.45,52.51,397.15,0,-1
21.13,56.1,44.89,1,1
24.03,55.32,59.26,0,1
21.52,51.75,92.25,0,1
24.44,54.57,82.75,1,1
19.58,57.0,71.76,0,1
22.92,57.45,150.0,0,1
23.46,51.08,68.69,0,1
23.4,52.73,45.51,0,1
25.73,49.2,56.8,0,1
23.62,55.51,60.15,0,1
23.75,50.83,59.53,0,1
23.23,50.0,48.84,0,1
25.29,50.15,63.54,0,1
21.92,58.29,85.13,0,1
23.88,51.18,76.6,0,1
19.24,52.01,40.99,1,1
24.52,45.37,69.23,0,1
21.84,55.48,47.88,0,1
24.38,50.62,45.72,1,1
24.18,50.91,94.41,0,1
19.23,60.41,47.07,0,1
19.54,60.4,45.51,0,1
22.07,53.42,50.17,0,1
27.47,47.24,47.26,0,1
24.45,56.33,40.82,0,1
19.04,54.27,99.55,0,1
20.97,58.93,62.53,0,1
22.26,56.37,82.0,0,1
24.39,52.09,62.62,1,1
23.49,52.08,45.27,0,1
19.54,55.13,42.44,0,1
21.41,55.74,55.8,0,1
23.16,54.6,65.8,0,1
22.56,48.92,99.31,1,1
25.59,52.71,85.53,0,1
24.37,51.66,150.0,0,1
19.94,63.55,41.6,0,1
21.35,55.03,61.03,0,1
20.82,55.55,54.55,0,1
24.07,50.39,134.51,0,1
38.93,21.86,64.59,0,-1
22.36,55.36,72.07,0,1
20.2,53.91,47.59,0,1
27.12,45.04,65.44,0,1
24.06,54.52,61.58,0,1
20.77,51.83,45.04,1,1
21.08,52.09,95.12,0,1
21.57,54.48,41.65,0,1
24.22,53.73,55.54,0,1
21.38,57.18,47.72,0,1
22.98,56.79,52.38,0,1
23.38,53.55,40.9,0,1
21.68,53.53,57.53,0,1
20.85,56.82,57.25,1,1
18.91,61.26,44.07,1,1
35.91,86.49,79.36,0,-1
19.19,56.95,94.57,0,1
17.33,62.92,87.5,0,1
23.49,54.71,54.44,0,1
23.09,52.93,58.34,1,1
26.24,50.51,41.47,0,1
17.62,61.58,109.87,1,1
20.84,61.56,49.81,0,1
22.72,58.91,55.62,0,1
54.18,24.88,84.51,0,-1
29.77,38.16,79.03,0,1
18.87,59.87,44.39,0,1
36.17,97.81,63.66,0,-1
20.04,58.51,43.98,0,1
23.64,55.64,50.23,0,1
22.79,54.7,62.52,1,1
25.16,51.35,68.37,0,1
22.94,57.62,103.42,0,1
26.37,54.6,119.67,1,1
22.22,55.64,92.13,1,1
22.78,56.91,124.99,0,1
19.94,59.71,63.63,0,1
23.87,50.2,50.09,0,1
25.69,50.97,46.12,0,1
50.75,15.07,95.07,0,-1
21.81,53.89,51.11,1,1
20.74,55.98,40.43,0,1
33.25,96.81,110.66,0,-1
21.09,55.38,55.77,0,1
27.03,44.26,72.16,1,1
19.35,55.26,56.33,1,1
26.3,45.69,49.79,0,1
23.37,52.53,63.46,0,1
21.19,57.74,49.57,1,1
20.08,59.05,78.27,1,1
22.56,59.18,44.08,0,1
23.73,49.9,74.34,1,1
21.65,55.0,70.5,1,1
21.94,57.12,92.95,1,1
46.66,21.65,97.53,0,-1
24.63,51.11,67.09,1,1
24.44,54.33,124.46,0,1
18.47,62.69,92.05,0,1
21.82,55.82,65.16,0,1
24.69,53.49,72.83,0,1
29.46,44.51,58.44,0,1
20.79,55.94,50.0,0,1
17.6,61.76,94.99,0,1
17.74,58.63,41.93,0,1
21.56,52.3,44.12,1,1
26.39,53.59,48.57,0,1
20.43,57.1,71.81,0,1
21.76,55.79,69.05,0,1
23.21,51.08,41.08,1,1
21.38,58.08,103.38,0,1
25.19,50.14,55.95,0,1
20.42,55.97,58.46,0,1
22.24,54.12,55.78,0,1
18.9,60.54,95.25,0,1
17.33,66.68,54.92,0,1
22.59,47.43,286.28,0,-1
25.01,50.45,55.74,0,1
23.58,53.4,53.27,0,1
24.63,53.96,83.35,0,1
21.88,51.39,54.07,0,1
24.88,49.93,47.65,0,1
24.46,48.68,55.07,0,1
22.77,51.36,139.9,0,1
21.2,56.82,115.17,0,1
22.15,53.9,69.14,0,1
23.0,54.87,69.68,0,1
23.77,53.93,92.87,0,1
21.62,54.3,49.28,0,1
23.98,46.28,47.43,0,1
20.7,49.76,73.1,0,1
19.56,57.02,43.25,0,1
23.25,56.67,56.04,0,1
22.11,50.07,63.28,0,1
16.95,68.31,50.45,0,1
15.37,63.23,69.95,0,1
21.41,58.19,93.83,0,1
22.48,57.41,52.1,0,1
34.53,89.96,76.74,0,-1
21.17,51.58,47.96,0,1
19.73,56.51,59.62,0,1
22.74,53.04,43.1,1,1
27.7,42.11,80.14,0,1
22.06,50.87,42.47,0,1
19.44,61.5,136.71,0,1
21.82,50.94,54.41,0,1
20.71,59.3,48.92,1,1
23.75,51.95,42.67,0,1
20.18,58.57,41.56,0,1
18.61,57.27,50.32,1,1
23.05,50.26,55.52,0,1
54.36,19.29,46.49,0,-1
23.87,52.07,45.56,0,1
23.83,49.48,51.05,0,1
21.21,54.22,104.44,0,1
18.14,64.21,47.25,0,1
18.12,61.56,91.5,0,1
23.54,51.07,51.63,1,1
21.99,55.92,58.08,0,1
24.54,48.96,94.98,0,1
15.59,63.03,107.3,0,1
20.19,50.19,85.24,1,1
23.21,49.32,118.24,0,1
22.67,49.62,68.66,0,1
22.61,52.1,63.01,1,1
18.51,54.93,53.16,0,1
19.79,56.1,77.42,1,1
26.16,49.91,75.94,1,1
20.86,58.02,110.01,0,1
25.83,53.91,63.37,1,1
24.97,51.64,71.62,1,1
18.04,59.63,82.26,1,1
20.43,54.18,96.77,0,1
21.02,57.23,114.03,1,1
38.81,96.97,91.34,0,-1
21.1,53.32,75.23,0,1
18.29,62.78,66.88,1,1
22.9,55.53,49.92,0,1
21.36,57.34,117.98,0,1
19.77,60.46,49.25,0,1
17.32,61.43,49.27,0,1
18.86,67.4,58.25,0,1
22.74,47.35,43.71,0,1
20.73,57.44,107.25,0,1
22.19,49.09,49.28,0,1
18.92,61.52,54.93,0,1
41.22,93.0,137.81,0,-1
20.41,55.87,46.12,0,1
23.96,54.03,41.81,1,1
22.37,42.68,342.99,0,-1
22.31,60.98,63.47,1,1
24.13,52.02,44.94,0,1
14.82,64.83,53.23,1,1
22.32,56.88,42.05,0,1
22.48,50.36,49.77,0,1
22.53,55.4,63.16,0,1
21.27,57.13,82.12,0,1
22.56,52.81,40.68,0,1
22.73,49.43,61.9,0,1
24.59,50.12,52.55,0,1
18.84,52.68,49.85,0,1
20.72,59.14,74.44,1,1
21.84,54.24,67.37,0,1
23.48,55.8,52.76,0,1
20.55,58.02,42.73,0,1
22.07,49.33,53.48,0,1
17.86,61.56,59.12,0,1
20.68,56.67,53.1,1,1
20.79,56.4,45.35,1,1
25.2,47.95,44.57,0,1
19.99,60.58,43.58,0,1
26.74,47.33,82.87,1,1
23.8,48.63,49.43,0,1
22.63,52.89,97.12,0,1
23.35,50.33,42.41,0,1
20.09,57.27,49.81,0,1
23.17,50.92,80.99,1,1
21.23,53.31,48.18,0,1
20.68,61.04,56.05,0,1
19.41,57.36,58.16,0,1
19.75,62.87,52.01,0,1
22.63,51.83,50.54,0,1
21.46,48.65,65.84,0,1
25.12,52.48,54.91,0,1
20.4,66.21,45.26,0,1
20.27,53.48,43.01,0,1
22.65,56.81,53.15,0,1
19.7,61.51,49.31,0,1
24.13,58.98,95.46,0,1
20.56,54.67,59.71,0,1
20.97,55.67,42.0,1,1
21.72,51.39,56.75,0,1
22.94,56.58,66.39,0,1
21.29,53.7,58.3,0,1
22.54,54.45,45.87,0,1
41.1,21.1,93.99,0,-1
35.65,93.16,94.36,0,-1
26.62,53.21,131.55,0,1
20.16,57.32,66.91,0,1
25.39,54.02,64.36,0,1
21.54,55.6,88.55,0,1
19.75,61.69,51.65,0,1
23.48,52.66,46.88,0,1
23.24,53.48,77.81,1,1
23.84,50.56,40.01,0,1
23.41,51.21,42.28,0,1
15.67,64.58,47.48,0,1
23.05,53.27,55.58,0,1
23.73,49.47,47.37,0,1
24.35,48.56,80.28,0,1
24.18,54.56,72.1,0,1
15.93,65.14,41.18,0,1
17.45,60.93,42.63,0,1
22.49,40.08,261.05,0,-1
20.32,57.27,58.42,1,1
21.36,59.01,81.57,0,1
17.22,61.65,49.07,0,1
26.13,50.98,53.79,0,1
24.9,52.63,81.32,0,1
21.3,55.74,131.76,0,1
18.96,61.15,40.61,1,1
14.45,63.03,45.18,1,1
19.28,62.49,43.71,0,1
21.41,57.32,48.72,1,1
37.23,86.66,34.56,0,-1
22.32,51.42,48.7,0,1
18.14,61.09,64.92,0,1
21.74,56.5,53.76,0,1
38.58,96.11,87.89,0,-1
24.14,51.17,42.76,0,1
23.28,50.69,45.37,1,1
22.21,52.63,43.43,0,1
22.81,56.55,40.24,0,1
21.39,57.9,68.83,0,1
17.16,59.24,48.99,0,1
41.57,24.6,76.38,1,-1
22.05,51.41,62.33,0,1
20.27,55.19,64.49,0,1
40.57,22.94,81.44,1,-1
28.55,46.6,92.86,0,1
27.68,47.27,45.4,1,1
22.48,53.15,45.9,0,1
24.5,50.54,48.84,0,1
24.06,55.11,45.45,0,1
23.69,48.83,47.92,0,1
20.91,54.75,47.25,0,1
26.32,49.45,47.97,0,1
22.8,52.25,53.89,0,1
23.7,51.52,44.01,0,1
18.55,69.53,55.04,0,1
21.44,62.27,67.89,1,1
19.03,62.38,59.39,0,1
19.5,54.89,46.26,0,1
19.94,59.09,57.91,0,1
20.3,54.47,50.84,1,1
20.96,60.31,73.09,1,1
18.39,62.89,46.16,0,1
20.07,54.76,61.35,1,1
23.11,57.44,89.4,0,1
19.92,58.08,69.3,0,1
23.37,54.1,76.89,1,1
21.52,55.23,47.23,0,1
22.66,58.64,52.11,0,1
22.49,52.76,412.75,0,-1
14.92,60.45,40.71,0,1
22.17,61.72,86.63,0,1
26.63,48.93,60.88,0,1
23.77,50.85,42.92,1,1
25.12,50.7,49.89,0,1
23.17,50.47,51.21,1,1
22.82,54.73,87.28,0,1
21.49,54.49,44.14,0,1
51.71,21.3,65.84,0,-1
21.41,61.13,58.44,0,1
18.98,57.61,78.56,1,1
23.35,52.94,43.61,0,1
19.66,54.35,53.24,0,1
20.65,60.11,107.36,1,1
16.68,65.44,49.18,0,1
21.49,56.28,69.09,1,1
22.29,51.2,50.29,0,1
21.4,55.88,54.68,1,1
21.52,59.23,114.79,0,1
14.88,70.0,59.55,0,1
22.96,54.71,40.28,1,1
19.26,58.26,49.99,0,1
25.78,44.0,45.12,0,1
24.84,47.65,51.28,0,1
21.2,55.38,75.42,0,1
25.18,44.91,55.78,0,1
20.98,55.75,89.09,0,1
25.55,49.07,52.56,0,1
23.01,50.51,49.73,0,1
23.8,50.24,46.63,0,1
23.56,55.94,76.94,0,1
22.91,51.6,127.91,0,1
24.03,50.06,43.38,0,1
24.1,50.7,75.73,0,1
19.3,61.69,109.3,0,1
22.17,58.6,50.49,0,1
25.07,52.61,53.97,0,1
24.25,45.84,598.79,0,-1
21.33,55.41,46.41,0,1
20.44,58.48,81.79,1,1
22.3,53.48,70.26,0,1
22.12,56.07,65.45,0,1
20.41,58.3,43.14,1,1
19.88,61.12,42.37,0,1
19.91,52.03,42.68,1,1
21.77,57.92,40.13,0,1
23.98,48.35,104.87,1,1
25.6,49.42,78.28,0,1
22.92,52.89,47.61,0,1
22.28,50.48,106.57,0,1
21.21,55.12,91.66,0,1
25.82,49.58,49.63,0,1
21.93,52.62,74.98,0,1
22.08,53.71,49.74,0,1
27.79,50.91,73.75,1,1
21.69,48.72,45.91,0,1
25.48,47.39,69.57,1,1
24.98,52.29,40.89,0,1
21.43,55.35,47.6,0,1
23.07,58.46,111.69,0,1
21.75,57.46,65.33,0,1
22.09,51.63,147.36,0,1
19.8,61.28,47.05,0,1
21.61,54.65,96.47,0,1
20.97,57.74,67.98,0,1
23.0,45.36,46.4,0,1
22.15,53.62,79.92,1,1
21.84,58.87,50.17,0,1
22.01,56.53,53.83,0,1
22.47,51.68,59.67,0,1
21.84,54.78,54.51,0,1
21.84,54.41,580.88,0,-1
21.81,56.6,91.56,0,1
21.89,58.48,94.97,0,1
24.11,55.48,71.8,1,1
26.62,44.5,44.99,1,1
16.8,59.7,75.85,0,1
23.81,53.16,51.74,0,1
22.5,57.07,50.48,0,1
22.8,54.25,40.91,0,1
18.38,61.86,44.64,0,1
23.38,53.95,46.91,0,1
25.26,52.34,41.29,0,1
21.97,56.8,108.47,0,1
42.78,20.73,63.55,0,-1
28.16,41.71,51.25,1,1
23.61,52.85,86.94,0,1
20.66,61.12,54.13,0,1
15.67,63.34,82.52,0,1
20.33,61.33,49.47,0,1
18.13,58.95,84.29,0,1
39.22,96.96,87.6,0,-1
21.47,56.45,52.86,1,1
18.16,61.99,40.84,0,1
18.13,67.76,46.85,0,1
20.62,51.76,41.41,0,1
21.87,53.81,51.72,0,1
26.0,46.2,78.67,0,1
21.58,56.79,78.98,0,1
24.73,51.66,57.0,0,1
21.98,50.98,71.78,0,1
41.39,97.74,86.2,0,-1
45.58,24.15,78.14,0,-1
25.09,51.68,133.07,1,1
22.78,56.18,59.38,0,1
24.24,56.05,55.41,0,1
23.43,56.42,40.34,0,1
23.29,57.84,56.0,0,1
22.26,51.54,52.04,0,1
22.43,50.62,72.18,0,1
20.88,57.75,86.39,0,1
17.85,64.09,48.16,0,1
22.79,55.73,49.76,0,1
25.26,52.41,44.75,0,1
21.23,52.91,99.46,0,1
20.0,52.66,58.32,0,1
19.82,56.58,44.62,0,1
18.44,62.23,107.9,0,1
25.91,49.09,55.57,0,1
20.36,58.77,48.62,0,1
24.68,51.38,68.95,0,1
24.11,56.27,58.98,0,1
23.32,53.26,45.05,1,1
22.56,58.29,68.74,0,1
21.45,56.92,63.29,0,1
24.03,55.45,42.0,0,1
26.04,47.04,44.22,0,1
21.16,55.3,60.55,0,1
22.66,54.91,98.13,0,1
25.81,52.2,56.66,0,1
21.78,51.37,53.78,0,1
21.73,53.84,56.43,0,1
19.59,57.18,78.42,0,1
24.56,50.46,53.92,0,1
23.98,57.98,80.06,0,1
21.44,57.92,70.87,0,1
21.5,39.2,376.96,0,-1
20.63,54.42,73.71,0,1
21.75,50.81,59.85,0,1
23.2,51.73,50.27,0,1
20.31,56.16,46.68,0,1
18.3,56.56,43.87,0,1
29.84,43.33,77.02,0,1
22.77,53.84,69.35,0,1
22.49,55.93,48.21,0,1
20.31,57.11,97.13,0,1
27.03,47.0,51.09,0,1
20.52,55.96,85.17,0,1
24.7,51.85,50.0,0,1
23.45,49.03,120.3,0,1
21.95,51.98,46.02,0,1
18.53,63.98,85.76,0,1
24.05,53.33,40.03,1,1
23.6,52.09,87.49,1,1
23.23,53.09,71.14,0,1
22.0,57.31,51.8,0,1
37.26,86.6,120.28,0,-1
16.57,64.48,49.85,0,1
23.14,49.52,58.37,0,1
22.94,51.95,57.97,0,1
26.88,47.2,68.99,0,1
22.19,54.97,119.56,1,1
24.18,52.29,55.26,0,1
22.56,51.68,55.55,0,1
20.14,63.54,54.7,0,1
23.48,53.06,41.85,0,1
23.21,59.36,61.29,0,1
28.01,44.02,52.25,0,1
23.07,58.62,51.83,0,1
17.4,64.39,60.73,1,1
21.06,52.88,42.32,0,1
26.85,51.75,74.28,0,1
21.94,53.05,74.47,1,1
23.67,51.2,40.42,0,1
22.26,53.72,66.23,0,1
19.54,59.14,45.62,1,1
21.49,51.44,68.78,0,1
20.62,56.56,40.78,1,1
19.63,56.27,41.75,0,1
17.69,58.49,55.58,0,1
18.14,63.21,75.83,0,1
19.32,60.58,40.43,0,1
20.37,66.79,64.57,0,1
25.18,48.57,56.03,0,1
23.3,51.61,42.98,0,1
21.21,52.59,56.99,0,1
21.55,59.85,44.48,0,1
22.63,55.04,86.32,0,1
26.1,50.45,41.45,0,1
21.76,53.3,40.15,0,1
18.65,60.5,77.19,0,1
22.11,56.83,52.01,0,1
22.7,52.86,42.88,1,1
49.82,18.92,104.89,0,-1
20.26,59.23,53.04,0,1
21.98,54.72,63.26,1,1
25.87,52.31,41.44,0,1
21.74,55.72,123.73,0,1
22.18,56.74,54.48,1,1
20.99,54.92,47.35,0,1
21.41,55.57,58.56,0,1
18.07,59.97,150.0,0,1
20.52,55.98,68.34,0,1
18.09,57.36,68.23,1,1
22.19,52.28,77.39,0,1
22.67,53.28,52.72,0,1
23.58,54.68,53.68,1,1
23.24,47.76,69.51,1,1
23.12,58.77,61.53,0,1
23.05,51.08,45.06,1,1
21.48,60.15,138.21,0,1
23.2,54.08,78.94,0,1
23.79,53.41,79.36,1,1
20.43,60.54,115.44,0,1
19.4,62.23,99.69,0,1
21.25,53.66,55.77,1,1
23.56,58.28,43.79,0,1
21.77,59.29,40.74,0,1
20.85,56.09,46.88,0,1
19.13,63.67,74.33,0,1
21.78,52.38,107.81,1,1
21.56,52.57,45.85,0,1
27.22,49.01,101.59,0,1
25.1,49.46,43.22,1,1
23.28,53.19,53.0,0,1
22.87,59.06,42.79,0,1
24.45,57.14,41.05,0,1
26.66,46.51,150.0,0,1
23.36,54.08,63.48,0,1
22.49,56.69,55.81,0,1
22.32,50.02,42.48,0,1
18.24,61.08,43.68,0,1
18.24,61.07,62.49,0,1
19.58,61.84,105.64,1,1
20.83,53.0,42.77,0,1
25.17,46.88,92.96,0,1
24.48,50.02,125.86,1,1
21.8,53.96,49.85,0,1
52.67,21.08,61.44,1,-1
21.97,52.07,75.23,0,1
24.19,53.81,59.52,0,1
21.07,60.56,59.46,0,1
23.16,56.16,74.98,0,1
26.71,44.65,74.21,1,1
19.48,59.01,46.92,0,1
26.62,49.99,56.98,0,1
22.13,52.27,539.91,0,-1
23.07,54.13,44.1,0,1
20.82,58.88,45.43,0,1
19.58,58.25,83.24,0,1
23.89,50.28,44.39,1,1
28.58,47.65,62.44,0,1
22.25,50.62,62.56,0,1
22.4,54.42,57.06,0,1
21.97,49.98,63.68,0,1
21.43,57.49,52.71,0,1
27.63,37.85,105.26,0,1
23.29,54.35,60.45,0,1
25.02,52.4,46.1,1,1
19.07,60.42,42.26,0,1
17.08,61.47,41.37,0,1
20.86,57.95,63.86,0,1
23.53,53.34,47.89,0,1
20.66,61.02,81.35,0,1
17.92,63.67,46.19,0,1
23.7,45.79,76.22,1,1
23.18,52.1,43.1,1,1
17.55,61.56,64.74,0,1
16.95,62.72,45.17,1,1
22.3,54.0,48.77,0,1
19.78,63.33,50.22,0,1
24.09,56.59,69.73,0,1
18.87,63.04,114.34,0,1
26.99,47.95,115.94,0,1
23.63,56.29,94.9,0,1
19.19,56.44,42.72,0,1
19.74,56.12,63.34,0,1
18.05,62.99,72.17,0,1
18.78,61.88,52.36,0,1
27.73,46.15,67.35,0,1
23.3,50.31,79.2,1,1
26.14,50.97,71.32,0,1
23.11,55.21,62.23,0,1
21.27,58.79,54.67,0,1
20.84,58.89,43.18,1,1
23.12,50.26,43.17,1,1
25.0,48.53,73.24,0,1
25.28,46.11,92.23,1,1
27.49,51.53,50.38,0,1
24.23,50.08,50.72,0,1
20.48,57.19,48.28,0,1
22.74,56.68,50.6,0,1
22.9,53.95,85.79,1,1
32.59,88.66,75.71,0,-1
18.79,58.38,66.67,1,1
21.63,58.61,46.77,0,1
24.25,48.16,58.15,0,1
20.63,55.18,49.98,0,1
14.86,64.63,62.86,0,1
22.26,56.54,42.9,0,1
19.24,55.51,42.46,0,1
18.96,59.86,61.34,0,1
22.99,52.8,99.93,0,1
27.8,45.21,66.69,0,1
23.29,57.79,99.73,1,1
21.07,56.36,95.18,0,1
19.03,63.0,143.77,0,1
24.38,52.64,92.28,0,1
21.95,53.27,50.34,0,1
20.02,54.24,48.72,0,1
25.68,54.07,42.85,1,1
21.53,56.89,111.84,0,1
19.58,65.33,68.04,0,1
23.56,53.66,55.22,1,1
21.42,50.19,43.8,0,1
22.37,59.15,48.64,0,1
17.39,66.46,47.27,1,1
19.14,56.55,55.9,1,1
22.02,60.37,53.94,0,1
25.47,49.7,42.08,0,1
18.76,55.64,329.52,0,-1
20.62,56.15,87.21,0,1
18.09,60.19,49.65,0,1
24.26,51.12,68.63,0,1
27.22,42.67,40.1,0,1
20.59,53.94,47.93,0,1
23.17,55.28,45.53,1,1
17.85,67.34,63.98,0,1
27.36,44.46,112.28,0,1
14.65,69.29,40.39,0,1
34.98,92.61,50.5,0,-1
20.66,53.38,61.0,0,1
22.48,52.84,80.61,1,1
23.05,54.61,49.02,0,1
19.76,60.68,77.74,0,1
20.63,56.67,55.06,0,1
18.04,61.35,41.08,0,1
19.62,58.24,99.94,1,1
45.46,22.79,79.88,1,-1
19.05,59.83,47.94,1,1
25.7,49.34,47.61,0,1
21.79,53.51,43.92,0,1
26.18,47.57,126.85,0,1
22.69,54.06,43.22,1,1
19.58,53.32,58.52,1,1
21.56,56.09,52.65,0,1
22.69,55.3,63.86,0,1
21.43,50.01,60.37,0,1
23.4,48.27,73.17,0,1
26.32,47.97,84.93,1,1
26.62,45.29,104.62,0,1
21.41,59.25,70.7,0,1
18.25,59.65,93.83,1,1
24.49,51.04,102.17,1,1
21.1,54.55,42.39,0,1
24.49,52.49,69.61,0,1
24.23,49.64,47.03,0,1
20.98,56.46,77.88,0,1
23.53,46.03,59.6,0,1
25.35,46.9,43.51,1,1
24.23,56.14,44.24,1,1
21.67,49.3,46.18,0,1
21.86,55.55,75.52,0,1
21.1,55.91,40.5,0,1
18.71,53.45,63.91,1,1
22.59,52.56,41.66,0,1
21.74,49.07,40.8,0,1
23.74,52.19,44.53,0,1
22.45,51.43,46.76,0,1
23.48,51.77,47.71,0,1
22.18,52.98,40.27,0,1
21.95,52.41,73.83,0,1
19.63,59.76,50.52,0,1
24.22,53.74,41.96,1,1
22.34,54.68,70.03,0,1
22.65,54.63,74.32,0,1
23.29,52.91,77.5,0,1
24.12,49.38,45.39,0,1
24.63,49.9,73.13,0,1
20.87,55.67,49.08,0,1
21.37,51.45,92.26,1,1
22.42,55.8,68.61,1,1
22.52,55.23,44.87,0,1
18.09,61.43,46.73,0,1
22.75,53.14,42.36,0,1
21.6,55.83,136.87,0,1
22.9,54.77,41.22,0,1
25.4,43.24,49.86,1,1
23.33,50.61,65.61,0,1
23.34,43.86,86.02,1,1
23.06,53.84,90.28,0,1
24.41,52.11,60.38,1,1
23.94,51.67,46.07,0,1
26.64,49.53,77.93,0,1
21.91,55.01,150.0,1,1
23.75,53.18,43.98,1,1
22.11,53.79,56.86,0,1
17.82,65.41,97.63,0,1
20.31,53.35,53.9,1,1
19.35,60.33,58.07,0,1
20.25,55.71,59.28,0,1
21.85,54.92,44.64,1,1
19.13,58.1,50.4,0,1
18.76,53.5,61.65,0,1
16.62,65.1,40.97,0,1
23.62,58.87,52.83,0,1
17.0,59.51,50.79,0,1
25.6,46.84,60.39,0,1
23.63,61.85,45.61,0,1
21.78,52.4,150.0,0,1
16.07,65.61,80.99,0,1
20.5,58.09,64.68,0,1
21.54,60.6,96.89,0,1
32.29,95.02,75.94,0,-1
23.81,50.23,59.92,0,1
19.64,58.12,41.53,1,1
27.14,46.82,63.97,0,1
21.3,56.09,87.56,0,1
26.07,47.79,50.23,0,1
24.68,54.3,52.76,1,1
22.62,54.09,64.48,0,1
21.99,53.04,44.86,0,1
21.38,58.13,57.14,1,1
20.53,59.04,150.0,0,1
23.7,53.49,94.38,0,1
21.37,53.15,112.55,0,1
25.23,52.41,110.76,0,1
23.42,54.17,49.78,1,1
25.2,53.59,150.0,0,1
18.57,58.99,49.1,0,1
16.94,61.08,95.34,0,1
22.49,54.13,43.15,0,1
19.84,56.02,98.12,0,1
23.89,54.09,66.29,0,1
23.21,56.56,150.0,1,1
23.84,55.54,56.49,0,1
22.62,50.9,61.14,0,1
23.49,52.11,71.35,0,1
24.99,47.97,54.29,0,1
19.08,63.73,55.26,0,1
22.27,53.81,106.85,0,1
19.59,58.39,71.78,1,1
23.6,55.2,75.91,0,1
21.68,54.83,62.7,0,1
20.72,60.02,40.77,0,1
21.32,57.2,49.51,0,1
19.26,54.4,60.27,0,1
21.03,55.68,45.07,1,1
18.3,60.09,53.06,1,1
18.85,58.62,41.32,0,1
26.71,50.66,45.71,0,1
39.38,21.99,67.17,1,-1
20.49,54.82,52.41,0,1
19.89,56.05,47.1,0,1
18.78,56.75,43.79,0,1
25.19,50.26,63.25,0,1
20.05,57.83,40.04,0,1
25.75,46.62,74.95,0,1
19.48,57.46,45.25,0,1
20.71,58.16,64.49,0,1
19.24,61.6,60.84,0,1
21.55,56.42,57.82,0,1
20.0,58.05,78.66,1,1
23.67,54.79,92.12,0,1
20.6,61.91,104.5,1,1
25.17,53.39,50.82,1,1
26.86,48.72,64.65,1,1
26.6,48.99,46.29,0,1
16.62,55.51,85.87,1,1
18.2,57.33,77.68,1,1
21.86,57.4,71.97,0,1
20.87,58.97,52.15,0,1
23.59,49.32,45.08,0,1
26.04,50.31,76.03,0,1
23.66,50.6,42.18,1,1
18.72,59.1,47.1,1,1
21.8,55.47,94.49,0,1
21.51,58.89,50.8,0,1
24.22,53.36,111.14,1,1
21.62,58.98,75.24,0,1
19.07,57.62,66.18,0,1
26.19,46.83,65.84,0,1
22.15,52.71,60.15,1,1
25.74,49.22,60.06,0,1
19.44,58.13,127.71,1,1
22.34,56.54,45.22,0,1
17.79,59.54,63.95,0,1
19.54,62.37,44.01,0,1
26.26,51.18,55.79,0,1
19.9,55.93,47.78,0,1
23.19,55.01,64.26,0,1
21.23,55.5,43.69,0,1
23.17,51.28,57.53,0,1
20.66,60.12,50.97,0,1
22.75,52.18,48.53,0,1
24.49,56.02,92.87,0,1
21.67,56.36,74.75,0,1
21.95,57.84,44.2,0,1
20.69,57.29,104.16,1,1
20.23,52.75,95.37,0,1
25.81,51.49,42.08,0,1
20.02,57.18,53.02,0,1
24.11,53.07,412.87,0,-1
21.85,54.88,108.9,0,1
21.62,62.12,50.43,1,1
20.82,55.59,46.82,0,1
22.12,49.15,64.91,0,1
22.44,49.19,145.91,0,1
19.13,55.93,46.88,1,1
24.79,48.62,50.66,0,1
21.11,58.37,80.84,0,1
20.65,56.6,61.7,0,1
16.26,63.94,60.97,0,1
22.64,54.44,79.2,0,1
24.3,49.77,528.38,0,-1
19.94,58.04,67.23,0,1
20.48,54.81,51.6,0,1
20.13,53.04,69.48,0,1
21.65,52.22,42.83,0,1
21.69,54.58,41.1,0,1
23.19,54.02,60.8,0,1
26.35,50.78,44.07,0,1
21.02,60.38,45.21,0,1
17.22,65.0,42.98,0,1
24.69,53.26,48.69,1,1
18.17,55.77,66.22,0,1
23.35,57.17,46.36,0,1
20.69,53.93,46.08,0,1
18.19,58.45,46.19,1,1
19.81,60.74,63.74,1,1
20.33,58.23,68.7,0,1
25.47,52.01,98.15,1,1
22.97,55.71,53.15,0,1
21.1,53.64,42.06,1,1
23.86,46.16,45.74,0,1
27.11,44.9,47.52,0,1
19.28,59.22,150.0,0,1
20.86,56.82,74.83,0,1
22.51,47.89,57.02,1,1
24.65,53.08,118.43,1,1
21.94,57.18,85.72,0,1
24.99,52.02,51.65,0,1
43.44,22.02,58.33,1,-1
17.49,66.24,44.71,1,1
20.68,55.79,62.72,0,1
27.24,49.87,47.45,0,1
22.27,56.53,42.21,0,1
24.22,46.61,74.08,0,1
19.42,60.19,45.35,0,1
18.33,57.78,102.33,1,1
23.23,50.22,100.39,0,1
20.47,63.0,48.55,0,1
20.79,56.57,59.64,0,1
20.92,54.07,48.17,0,1
22.17,52.53,51.61,0,1
20.34,59.29,71.55,0,1
22.53,47.05,124.5,1,1
19.27,57.97,59.99,0,1
20.57,54.71,41.58,0,1
19.15,63.53,46.43,0,1
19.37,58.27,64.78,0,1
21.16,56.11,62.26,0,1
17.89,62.39,51.17,0,1
17.52,56.46,56.48,0,1
26.08,42.56,43.78,0,1
20.66,62.27,67.87,0,1
22.38,52.74,58.99,0,1
19.01,57.07,75.68,0,1
21.89,57.72,83.2,0,1
20.86,54.5,80.01,0,1
20.1,55.52,46.83,0,1
25.31,52.17,64.04,1,1
23.94,51.92,100.52,0,1
22.84,55.94,55.96,0,1
24.04,46.78,53.43,0,1
22.5,58.58,71.76,0,1
37.83,95.75,124.37,0,-1
19.62,62.63,67.64,0,1
20.62,57.2,40.03,0,1
19.99,58.46,44.18,0,1
20.37,56.41,65.82,0,1
24.91,50.08,100.78,0,1
22.12,49.94,52.18,0,1
25.55,50.64,69.23,1,1
39.42,89.51,81.26,0,-1
25.45,49.92,54.73,0,1
21.03,48.79,46.0,0,1
21.99,54.76,40.34,1,1
23.61,56.71,41.57,0,1
23.85,52.19,77.2,0,1
25.48,43.17,50.19,0,1
25.2,50.39,57.95,0,1
20.54,55.0,54.17,1,1
21.43,55.57,126.57,0,1
22.59,51.95,58.23,0,1
22.81,50.57,43.85,1,1
24.03,52.63,49.32,0,1
23.57,52.08,45.94,0,1
24.28,49.14,49.87,0,1
20.38,53.36,48.06,0,1
16.69,64.14,45.01,0,1
24.18,46.49,90.55,0,1
19.8,62.91,63.67,0,1
45.97,21.82,62.33,0,-1
22.31,56.73,121.38,1,1
21.4,52.89,56.43,0,1
23.95,51.96,62.38,0,1
18.04,58.96,77.73,0,1
20.73,59.69,59.27,0,1
22.05,57.62,83.88,0,1
25.02,54.82,53.65,0,1
22.9,52.72,75.87,0,1
23.84,53.3,68.88,1,1
24.96,48.23,150.0,0,1
18.31,64.11,51.48,0,1
20.62,59.19,107.91,1,1
20.28,56.99,44.26,0,1
26.37,47.55,44.7,1,1
20.21,57.21,116.58,0,1
23.38,56.67,72.34,0,1
28.03,47.8,61.84,1,1
22.0,56.32,49.47,0,1
37.45,86.39,85.67,0,-1
18.81,61.68,53.08,0,1
22.64,54.43,50.53,0,1
22.32,53.38,68.64,1,1
21.84,55.14,55.71,0,1
19.28,61.25,79.2,0,1
22.83,58.04,150.0,0,1
22.22,54.93,48.01,0,1
21.9,61.26,92.36,0,1
22.24,49.89,68.41,0,1
42.96,20.66,61.08,0,-1
24.7,58.45,61.19,0,1
20.87,54.97,57.9,0,1
23.66,53.21,91.96,0,1
24.76,46.26,89.57,0,1
20.02,60.83,42.9,0,1
20.06,58.32,150.0,0,1
24.93,48.35,66.0,1,1
24.77,48.98,55.62,0,1
19.73,62.49,63.26,0,1
22.4,48.88,47.36,0,1
25.09,52.43,76.67,0,1
19.0,66.14,65.96,0,1
21.23,55.99,53.88,0,1
23.47,50.98,48.14,0,1
21.25,54.76,66.67,0,1
22.44,56.41,65.9,0,1
23.05,48.67,65.29,1,1
20.46,56.07,40.67,0,1
21.24,56.15,48.36,1,1
21.5,50.94,53.67,0,1
19.53,62.25,68.12,0,1
24.56,48.23,63.48,0,1
21.45,51.82,43.49,0,1
22.33,48.36,87.11,1,1
24.81,45.6,40.39,0,1
16.83,64.42,76.26,1,1
20.5,60.26,67.54,0,1
22.66,50.26,48.39,1,1
18.19,60.77,57.91,0,1
27.42,45.74,47.69,1,1
25.72,47.8,94.8,0,1
20.31,51.07,484.22,0,-1
23.39,55.53,86.36,0,1
20.97,61.0,51.31,0,1
22.22,52.06,66.74,0,1
25.69,48.47,54.01,0,1
21.63,57.42,46.71,0,1
18.16,61.56,99.79,1,1
20.44,58.25,76.57,0,1
20.76,61.85,62.42,0,1
23.94,48.74,60.83,0,1
23.34,49.49,48.0,1,1
19.48,59.38,49.38,0,1
25.62,52.29,53.52,0,1
19.92,57.64,134.98,0,1
23.51,53.43,41.57,0,1
19.12,55.45,52.0,0,1
23.12,53.5,65.5,0,1
24.56,46.08,80.6,0,1
19.95,65.98,42.38,0,1
24.24,53.35,45.4,0,1
21.14,56.67,60.25,0,1
18.51,62.06,112.58,1,1
20.01,60.49,92.66,0,1
22.99,49.93,88.7,0,1
21.68,53.57,41.67,0,1
22.4,53.04,119.97,1,1
22.8,51.24,61.83,0,1
23.64,52.26,60.74,0,1
20.32,60.08,44.73,0,1
23.27,62.57,90.14,0,1
21.53,57.23,66.13,0,1
27.15,48.2,45.98,0,1
23.06,54.19,116.75,0,1
25.95,44.59,61.61,1,1
18.38,57.41,55.6,0,1
20.81,56.4,68.36,0,1
21.86,60.4,150.0,0,1
23.39,60.07,56.18,1,1
24.34,49.18,47.48,1,1
21.14,57.69,74.7,0,1
22.17,59.02,64.7,0,1
19.44,57.38,49.61,0,1
20.74,60.76,148.39,0,1
24.09,48.84,56.9,0,1
23.58,51.48,54.12,1,1
21.43,56.41,50.47,0,1
17.98,54.95,52.39,1,1
21.45,54.93,52.48,1,1
21.73,53.4,97.24,0,1
22.06,54.85,53.42,0,1
21.99,51.55,435.31,0,-1
26.52,52.06,43.53,1,1
22.43,59.59,67.55,1,1
20.04,59.51,101.7,1,1
24.87,49.73,150.0,0,1
20.27,63.91,73.55,1,1
20.91,55.79,71.44,1,1
25.29,50.98,43.25,0,1
22.97,52.18,58.18,1,1
17.08,64.3,47.85,0,1
24.61,47.93,93.9,0,1
26.67,48.91,81.27,0,1
25.69,47.19,40.19,0,1
21.04,59.59,92.27,1,1
22.8,46.58,46.72,0,1
18.94,59.97,105.72,0,1
22.5,51.16,93.51,0,1
23.86,57.95,79.98,0,1
21.82,59.0,65.9,0,1
25.05,45.63,58.84,0,1
21.56,54.57,91.52,0,1
16.45,63.56,87.82,0,1
23.72,49.4,67.84,0,1
22.98,56.46,53.62,1,1
27.19,50.03,43.0,1,1
21.45,56.45,73.5,0,1
26.19,46.32,59.92,0,1
25.44,52.49,50.44,0,1
23.48,52.21,64.68,0,1
22.37,54.16,41.65,0,1
22.6,58.57,46.57,0,1
24.95,48.28,68.6,1,1
51.04,19.38,69.19,0,-1
24.77,46.7,59.29,0,1
20.23,59.12,49.42,0,1
20.27,60.81,88.26,1,1
18.62,60.56,64.25,0,1
22.85,55.16,101.12,0,1
26.4,48.94,86.31,0,1
22.5,55.99,41.63,0,1
23.98,55.96,89.13,0,1
19.83,59.62,52.39,0,1
20.39,56.21,49.25,0,1
23.19,52.63,61.13,0,1
21.48,56.59,69.81,0,1
20.48,52.71,52.56,0,1
24.21,53.51,40.85,1,1
21.52,56.97,44.96,0,1
19.38,64.6,40.49,0,1
20.64,60.31,48.88,1,1
24.62,49.62,101.57,0,1
25.64,48.02,40.93,0,1
31.63,42.06,51.61,1,1
33.83,94.39,98.78,0,-1
16.62,65.53,54.33,0,1
19.35,61.75,141.11,0,1
25.55,51.83,69.86,0,1
21.41,50.45,58.15,0,1
21.67,55.09,58.14,0,1
23.42,50.54,119.86,0,1
23.68,51.95,43.96,0,1
21.32,56.71,250.96,0,-1
28.43,42.8,44.31,0,1
24.07,49.56,41.02,0,1
25.24,57.9,45.72,0,1
24.68,48.22,52.13,1,1
26.1,53.5,47.49,0,1
25.03,52.35,60.22,0,1
23.16,50.94,45.17,0,1
22.2,53.28,79.22,0,1
19.19,52.99,43.67,1,1
20.14,61.14,52.71,0,1
23.42,54.11,74.69,0,1
18.44,64.68,87.64,1,1
22.65,57.95,50.91,0,1
23.92,51.13,126.28,0,1
17.64,61.66,47.34,1,1
22.52,50.21,566.31,0,-1
19.71,55.78,43.11,0,1
22.87,54.53,47.31,0,1
22.31,47.43,445.35,0,-1
21.72,53.5,91.32,0,1
24.87,51.59,56.17,0,1
21.88,53.98,41.62,0,1
22.04,55.63,90.62,0,1
19.04,60.09,52.5,0,1
21.92,58.66,40.67,1,1
23.95,49.27,67.95,0,1
21.93,57.57,85.25,0,1
24.97,45.84,100.55,1,1
24.08,50.35,57.66,1,1
17.77,63.37,83.93,0,1
17.42,59.28,42.93,1,1
21.7,51.18,52.51,0,1
20.21,61.48,51.39,0,1
24.8,54.99,73.21,0,1
21.14,57.88,52.43,1,1
19.12,64.14,67.89,0,1
22.18,52.84,50.97,1,1
19.7,61.74,60.89,1,1
16.7,60.39,85.64,0,1
23.18,54.98,47.14,0,1
17.05,63.17,101.57,0,1
25.2,46.03,65.66,0,1
21.83,56.14,66.02,0,1
24.84,50.99,76.22,0,1
36.16,91.06,103.79,0,-1
23.86,55.94,98.51,0,1
23.13,51.31,43.46,0,1
22.95,52.15,76.01,1,1
23.24,56.45,81.63,0,1
22.5,58.2,74.84,0,1
25.14,52.19,53.81,0,1
21.39,56.74,87.67,0,1
20.63,64.06,40.95,1,1
19.27,55.46,42.29,0,1
20.13,53.47,43.93,0,1
22.36,50.48,120.05,0,1
22.46,56.78,80.31,0,1
27.25,46.95,45.36,0,1
17.72,61.05,40.39,0,1
33.17,91.68,81.03,0,-1
21.09,49.05,66.59,0,1
25.0,49.92,40.7,1,1
22.58,52.74,40.6,1,1
22.21,55.51,119.46,0,1
26.03,48.37,64.06,0,1
26.68,46.61,58.04,0,1
19.81,61.17,46.48,0,1
29.04,47.14,40.44,1,1
22.67,57.26,51.6,1,1
22.73,52.74,95.82,0,1
24.18,53.33,45.62,0,1
26.75,47.82,41.88,1,1
22.46,58.34,74.36,0,1
20.5,59.78,50.08,1,1
21.92,63.28,43.4,1,1
18.04,57.24,55.12,0,1
20.33,51.31,42.19,0,1
22.13,51.73,99.57,1,1
26.49,50.06,76.7,0,1
18.48,62.01,122.4,0,1
24.53,44.47,92.92,0,1
24.07,58.27,41.87,0,1
21.11,54.38,49.06,1,1
20.47,55.76,91.18,0,1
21.69,53.7,48.4,0,1
19.11,58.32,90.22,0,1
22.84,52.96,47.87,0,1
21.19,53.51,55.52,0,1
24.24,47.52,89.56,0,1
22.81,53.8,71.2,0,1
17.35,61.29,50.29,1,1
22.86,47.56,48.98,0,1
17.73,60.31,42.62,0,1
20.69,55.63,51.68,0,1
21.33,57.61,55.27,0,1
23.9,54.64,58.98,0,1
24.19,55.29,41.77,0,1
23.12,53.77,55.0,0,1
20.47,50.71,82.47,1,1
17.6,66.35,112.85,0,1
20.76,56.42,53.27,0,1
24.59,55.18,52.78,1,1
23.28,50.97,56.89,1,1
22.71,53.42,53.9,0,1
19.56,59.16,56.41,0,1
19.34,56.28,112.97,0,1
20.24,59.69,43.46,1,1
19.61,47.14,521.2,0,-1
24.14,50.87,62.94,0,1
21.94,57.28,45.88,1,1
20.8,57.99,44.6,0,1
20.62,56.42,61.84,0,1
31.82,38.62,44.06,0,1
22.46,50.91,96.28,0,1
20.05,61.22,80.11,1,1
20.01,53.95,257.73,0,-1
27.91,39.31,51.19,0,1
26.94,50.43,57.39,0,1
22.63,52.5,45.25,0,1
22.6,55.25,40.29,1,1
22.35,58.21,84.02,0,1
22.34,54.53,62.72,0,1
21.47,55.77,46.98,0,1
21.52,59.45,52.59,0,1
21.63,54.76,81.33,0,1
19.12,62.87,65.93,0,1
25.21,49.62,68.5,0,1
20.81,52.18,53.97,0,1
18.38,63.1,53.24,1,1
24.35,52.8,42.64,1,1
15.24,63.65,43.24,0,1
21.7,55.88,40.76,0,1
22.09,54.12,82.11,0,1
18.3,61.97,71.72,0,1
23.39,47.03,82.79,0,1
24.05,52.64,47.95,1,1
21.31,58.67,150.0,0,1
22.7,55.32,60.01,1,1
17.55,61.39,124.74,0,1
25.93,49.47,84.01,0,1
40.17,92.48,79.93,0,-1
25.16,48.74,64.1,1,1
22.17,58.86,63.8,0,1
21.34,52.12,56.02,0,1
22.72,50.75,71.44,0,1
24.13,55.43,85.17,0,1
16.03,60.99,50.34,0,1
22.92,56.34,43.79,0,1
20.63,61.47,122.5,0,1
18.12,68.42,75.33,0,1
18.8,56.25,46.28,0,1
23.25,52.98,42.31,0,1
23.03,51.83,47.74,0,1
23.74,54.21,42.92,0,1
22.28,56.93,64.56,0,1
22.5,53.64,43.26,0,1
37.5,94.94,69.11,0,-1
19.54,61.46,56.71,0,1
22.35,56.56,40.37,1,1
22.85,57.96,47.91,0,1
18.09,64.24,48.38,1,1
18.55,60.82,43.6,0,1
19.76,58.77,55.01,0,1
20.23,63.66,47.11,0,1
23.41,49.39,57.08,0,1
22.61,49.91,59.17,0,1
23.13,52.17,48.84,1,1
19.06,57.02,56.79,0,1
21.35,52.29,42.98,0,1
24.8,53.68,61.7,0,1
22.87,53.64,47.2,1,1
19.07,63.55,95.61,0,1
20.87,50.07,53.64,0,1
23.16,57.06,61.48,0,1
19.88,53.33,102.79,0,1
24.75,48.91,120.43,0,1
19.01,58.69,60.43,0,1
21.54,57.04,76.91,0,1
20.21,55.0,73.63,0,1
19.74,51.74,57.36,0,1
21.1,50.31,265.74,0,-1
19.6,56.18,65.52,0,1
20.91,54.08,59.0,0,1
22.8,51.21,72.24,0,1
25.79,51.44,43.87,0,1
25.28,49.09,57.91,1,1
20.57,55.57,41.88,0,1
26.55,51.4,42.52,0,1
21.64,53.6,54.56,0,1
20.78,55.24,46.35,0,1
39.69,93.43,59.17,0,-1
23.22,50.21,44.98,0,1
22.92,59.96,89.05,1,1
19.65,57.25,101.97,0,1
18.42,66.49,62.13,0,1
23.38,54.78,48.78,0,1
40.21,87.26,94.57,0,-1
25.63,50.82,89.97,0,1
24.87,51.7,46.76,0,1
19.18,56.54,53.33,0,1
17.9,59.17,40.84,1,1
23.71,52.99,51.51,0,1
22.48,48.38,53.48,1,1
24.03,51.59,68.74,1,1
23.37,50.88,57.91,0,1
22.24,55.25,59.49,0,1
18.4,59.83,94.89,0,1
24.22,45.67,45.51,0,1
21.42,53.95,63.22,0,1
21.35,57.63,128.33,0,1
21.34,54.96,66.79,1,1
20.54,61.59,107.61,0,1
21.15,56.01,42.55,0,1
24.51,48.61,131.18,1,1
20.69,59.64,69.19,1,1
22.93,62.43,47.98,0,1
19.39,60.35,110.94,1,1
23.47,51.84,72.0,0,1
20.71,56.93,64.4,0,1
22.11,59.8,64.26,0,1
23.51,52.32,54.74,0,1
17.67,65.35,46.02,0,1
23.4,52.91,72.79,0,1
18.67,54.47,56.85,1,1
24.32,53.51,46.68,0,1
21.66,56.01,47.21,0,1
22.31,49.97,45.14,0,1
25.38,49.29,82.44,0,1
20.96,61.12,92.5,0,1
18.59,56.74,61.9,0,1
23.56,51.17,54.64,1,1
25.0,46.07,53.65,0,1
24.85,51.27,45.94,1,1
23.9,51.99,68.02,0,1
22.67,49.96,40.51,0,1
21.92,57.52,73.27,0,1
25.69,51.22,42.71,0,1
22.66,50.72,57.82,0,1
23.25,49.32,52.53,1,1
18.63,57.88,45.91,0,1
21.18,51.9,57.1,0,1
20.51,50.38,148.21,0,1
24.43,48.37,42.31,0,1
21.21,54.46,56.47,0,1
21.73,53.77,47.98,1,1
21.45,55.88,66.4,0,1
23.07,51.95,49.56,0,1
26.12,49.9,47.45,1,1
21.3,58.2,48.85,0,1
21.59,49.68,60.34,1,1
21.47,60.42,42.83,1,1
24.32,48.63,68.72,0,1
25.27,46.44,44.41,1,1
24.6,55.59,58.38,0,1
22.83,60.38,52.12,0,1
21.44,53.71,55.79,1,1
23.49,45.96,60.45,0,1
22.54,43.39,51.72,0,1
20.12,59.91,44.39,0,1
19.47,61.96,53.44,0,1
22.22,54.05,63.14,0,1
38.83,23.0,67.45,0,-1
18.9,57.76,65.02,0,1
21.89,54.86,40.25,0,1
17.31,59.29,68.34,0,1
21.83,58.33,113.87,0,1
22.05,49.55,102.83,0,1
23.67,51.04,44.44,0,1
21.12,57.13,82.27,0,1
22.39,56.49,89.42,0,1
20.39,53.36,45.63,0,1
18.76,53.32,63.87,0,1
22.95,37.17,464.52,0,-1
26.5,47.46,68.13,0,1
21.13,54.46,86.58,1,1
18.72,58.47,59.26,0,1
22.81,49.77,91.23,0,1
22.81,54.65,54.46,0,1
23.23,48.77,77.11,0,1
20.21,60.46,57.78,0,1
21.89,56.0,48.38,1,1
22.32,59.06,56.42,0,1
21.51,53.96,72.43,0,1
24.14,56.79,41.35,0,1
17.4,66.71,46.74,0,1
22.7,58.82,55.73,1,1
20.61,54.23,112.45,0,1
21.26,52.94,150.0,0,1
26.0,52.48,75.34,0,1
19.01,55.94,41.79,0,1
26.32,48.38,50.45,0,1
15.78,63.78,60.77,0,1
23.63,53.56,51.41,0,1
21.51,53.43,53.11,1,1
20.59,58.8,48.83,0,1
23.28,46.31,45.35,0,1
24.39,54.55,80.69,0,1
22.46,50.06,78.2,1,1
24.34,52.92,40.15,0,1
23.72,51.24,46.52,0,1
19.1,58.5,65.62,0,1
24.8,50.9,41.03,0,1
19.78,62.81,59.15,0,1
25.66,46.92,50.31,0,1
24.54,48.82,574.44,0,-1
23.06,53.53,54.68,0,1
20.77,54.29,60.91,0,1
22.64,51.98,44.06,1,1
19.22,58.61,47.68,1,1
23.6,57.08,68.72,1,1
27.17,49.59,60.01,0,1
24.07,51.3,46.62,0,1
22.95,53.96,72.78,1,1
22.46,53.65,62.67,0,1
21.37,56.18,54.13,0,1
19.42,56.65,60.4,0,1
21.84,53.75,99.69,0,1
39.01,21.42,83.2,0,-1
21.9,55.42,42.79,0,1
20.81,58.92,50.56,0,1
21.01,55.97,110.0,0,1
26.03,45.28,62.23,0,1
45.42,24.17,53.86,0,-1
21.71,50.84,68.16,0,1
20.25,66.1,72.54,0,1
16.4,66.61,77.11,0,1
20.9,57.12,45.61,0,1
24.73,47.37,105.16,0,1
23.29,53.61,64.94,0,1
26.33,51.0,123.07,0,1
19.6,53.58,40.51,0,1
20.4,56.94,44.01,0,1
22.79,50.4,392.19,0,-1
27.13,45.96,77.64,1,1
24.23,54.33,99.75,0,1
21.42,52.68,60.06,0,1
21.2,57.5,40.04,0,1
19.72,60.44,45.05,0,1
20.64,54.26,59.7,0,1
22.7,54.14,49.69,0,1
18.75,63.38,46.97,0,1
20.43,60.5,78.64,0,1
23.4,56.22,122.56,0,1
28.47,40.99,42.91,0,1
16.49,62.58,59.18,0,1
23.11,51.13,68.82,1,1
28.14,44.96,87.06,1,1
22.53,57.43,44.04,0,1
28.45,46.5,46.68,0,1
20.11,58.97,45.18,0,1
21.62,55.32,46.11,0,1
22.99,51.24,100.02,0,1
21.19,52.68,79.18,0,1
20.11,58.76,42.05,0,1
22.14,56.52,97.4,0,1
23.09,56.14,44.64,0,1
23.92,55.96,66.02,0,1
23.39,53.17,85.01,0,1
26.57,47.29,45.24,1,1
22.77,52.19,60.06,0,1
25.41,48.54,52.03,0,1
21.33,55.94,78.13,0,1
24.43,49.51,42.93,0,1
22.49,55.81,60.55,0,1
22.98,57.05,77.2,0,1
25.39,49.51,109.22,0,1
23.89,50.99,45.32,1,1
22.98,49.01,89.7,1,1
23.9,55.92,73.44,0,1
22.9,51.08,58.83,0,1
22.92,56.71,45.17,0,1
28.32,43.3,60.41,0,1
23.66,55.18,59.79,0,1
18.66,57.76,52.8,0,1
24.5,50.17,43.4,1,1
24.15,46.92,55.29,0,1
41.66,17.92,81.22,0,-1
24.61,51.98,48.4,0,1
22.81,55.64,57.31,1,1
21.91,51.55,63.59,1,1
26.26,55.55,560.38,0,-1
17.85,63.21,76.21,0,1
17.37,59.58,77.68,0,1
19.28,59.21,49.95,0,1
21.67,54.0,61.96,1,1
24.02,49.24,48.25,0,1
23.64,52.41,85.19,0,1
22.05,55.6,51.11,0,1
23.46,52.79,58.37,0,1
21.55,52.05,137.42,1,1
20.73,62.01,46.55,0,1
17.23,62.22,43.77,0,1
21.33,55.2,51.9,0,1
25.76,52.49,80.79,0,1
22.92,54.63,50.8,0,1
19.77,61.18,42.21,0,1
24.89,48.07,261.07,0,-1
24.32,49.9,72.66,1,1
20.67,59.09,92.84,0,1
18.37,62.59,45.72,0,1
20.8,64.93,41.63,0,1
23.58,55.54,58.7,0,1
25.6,48.32,90.41,1,1
21.71,56.37,44.65,0,1
22.65,51.7,46.1,0,1
22.03,53.61,42.95,1,1
21.1,50.22,59.13,0,1
21.23,53.22,150.0,1,1
38.31,85.46,48.72,0,-1
22.82,57.03,61.4,1,1
18.24,57.18,53.97,0,1
23.25,52.15,47.77,0,1
23.18,56.69,44.66,1,1
20.96,54.78,82.54,0,1
21.8,58.28,50.62,0,1
21.22,64.17,72.7,0,1
24.52,52.46,66.11,0,1
20.87,49.97,56.63,0,1
20.69,58.33,47.01,0,1
20.41,56.75,78.58,0,1
24.41,46.68,68.41,0,1
22.06,50.77,55.35,0,1
20.97,57.13,102.97,1,1
19.31,63.51,114.37,0,1
19.4,53.51,62.48,0,1
19.92,58.05,85.27,1,1
23.34,60.02,55.98,0,1
20.47,56.37,46.57,0,1
23.47,48.89,42.57,0,1
21.98,55.12,40.77,0,1
19.25,52.88,83.58,0,1
21.68,53.29,103.81,1,1
18.41,58.13,64.99,0,1
46.0,23.57,53.58,0,-1
22.7,54.43,71.48,0,1
24.59,55.74,62.9,0,1
22.83,48.41,47.0,0,1
21.09,55.22,54.01,0,1
23.05,58.45,40.8,1,1
25.8,51.02,55.95,0,1
21.46,53.52,42.68,0,1
20.55,54.5,53.25,0,1
21.92,60.27,55.04,0,1
26.49,46.7,53.94,0,1
24.35,53.56,55.37,0,1
24.08,49.98,105.52,0,1
23.73,49.77,58.85,1,1
21.88,53.53,57.02,0,1
25.63,48.16,56.51,0,1
20.96,55.79,81.61,0,1
18.56,61.15,140.06,1,1
25.53,49.69,48.62,0,1
24.07,45.52,59.72,1,1
22.12,52.41,40.7,0,1
25.82,47.4,44.75,0,1
20.23,54.99,49.72,1,1
21.95,53.57,53.57,0,1
24.9,53.14,42.68,0,1
18.71,56.17,84.29,0,1
21.55,51.7,64.12,1,1
19.59,58.68,41.35,0,1
23.81,51.37,41.33,1,1
19.03,60.91,57.67,0,1
24.04,51.02,68.7,0,1
21.49,58.04,52.29,0,1
25.5,45.38,44.05,1,1
21.75,53.1,68.8,1,1
24.95,54.57,65.2,0,1
19.69,56.63,84.47,0,1
23.75,46.94,66.69,0,1
22.07,52.81,58.64,1,1
20.42,57.57,68.45,0,1
24.03,54.85,73.34,1,1
21.16,54.16,44.09,0,1
26.17,50.43,59.29,0,1
22.18,50.19,82.05,0,1
23.9,44.59,46.94,0,1
18.46,67.23,59.68,0,1
21.69,63.59,44.32,0,1
23.68,52.76,53.17,1,1
16.95,66.82,97.77,1,1
26.55,51.68,144.77,0,1
21.84,57.08,75.58,1,1
18.21,62.51,44.36,1,1
19.43,58.99,40.89,0,1
23.44,53.07,55.91,0,1
23.83,52.06,76.47,0,1
23.74,53.16,42.08,0,1
22.52,56.69,45.17,0,1
19.5,59.94,49.97,0,1
22.7,52.77,48.17,0,1
21.8,50.53,46.42,0,1
20.67,57.81,46.64,0,1
23.43,48.27,336.07,0,-1
19.32,60.45,44.64,0,1
21.19,57.56,77.7,0,1
22.45,55.32,41.16,0,1
24.14,50.89,44.35,0,1
32.48,96.42,100.8,0,-1
25.88,47.25,44.58,0,1
19.69,59.58,40.2,0,1
16.47,65.93,81.02,0,1
20.18,54.8,105.82,0,1
26.3,53.61,46.84,0,1
23.83,51.91,51.74,0,1
19.46,57.48,63.72,0,1
22.73,48.81,119.72,0,1
19.7,58.33,42.35,0,1
22.01,60.18,118.22,0,1
21.88,55.28,44.7,0,1
18.7,60.8,43.68,0,1
22.96,43.58,512.17,0,-1
24.39,48.74,51.02,0,1
18.57,57.64,41.81,0,1
24.07,47.07,407.13,0,-1
19.14,63.58,48.64,0,1
20.53,56.75,57.46,1,1
23.06,48.54,64.55,0,1
25.18,49.07,65.94,0,1
19.65,54.69,73.03,0,1
21.38,52.71,66.48,0,1
20.69,61.79,40.16,0,1
22.81,51.34,47.09,0,1
26.11,42.97,85.98,0,1
23.04,54.24,59.7,0,1
23.63,50.28,43.94,0,1
21.42,55.69,41.55,0,1
25.06,54.6,65.45,0,1
17.97,61.68,49.96,0,1
24.54,50.04,116.13,0,1
24.99,55.4,100.5,1,1
26.37,48.91,76.32,1,1
22.84,52.77,110.12,0,1
21.26,55.43,150.0,0,1
23.6,53.2,61.64,0,1
21.24,51.49,94.95,0,1
19.18,60.61,54.43,0,1
22.87,52.0,41.61,1,1
26.03,50.97,117.48,1,1
19.52,59.66,84.32,0,1
16.75,60.29,90.71,0,1
15.49,68.81,77.4,0,1
21.27,46.98,374.86,0,-1
24.44,50.08,41.99,0,1
23.14,55.4,75.76,0,1
24.71,45.66,89.52,0,1
25.66,53.04,45.29,1,1
35.51,97.67,84.5,0,-1
25.75,49.85,66.52,0,1
17.36,68.2,41.98,1,1
25.3,51.04,58.03,0,1
22.06,52.11,53.47,1,1
18.8,60.01,69.52,1,1
21.13,55.6,109.44,0,1
21.82,58.96,105.52,0,1
26.25,47.88,84.21,0,1
18.95,56.05,70.54,0,1
24.3,52.74,66.5,1,1
47.97,18.48,83.31,1,-1
18.73,56.4,60.69,0,1
21.6,49.88,48.6,0,1
21.74,59.16,77.69,1,1
20.05,57.75,56.83,0,1
22.16,58.89,46.02,0,1
39.97,20.61,64.38,0,-1
26.9,46.01,51.91,1,1
19.86,56.55,74.09,1,1
22.0,51.36,58.18,0,1
24.49,53.44,132.77,0,1
22.02,51.75,133.13,0,1
18.87,65.0,41.4,0,1
26.08,52.69,42.45,0,1
17.78,55.53,52.8,1,1
21.03,57.74,41.17,0,1
20.93,56.67,52.59,0,1
24.95,49.45,52.44,0,1
18.34,66.32,42.81,0,1
19.11,62.5,64.53,1,1
24.22,56.5,66.52,1,1
24.03,47.93,85.95,0,1
20.31,55.95,149.74,1,1
22.14,58.19,47.21,1,1
18.94,59.28,44.65,1,1
23.39,50.24,43.17,0,1
17.41,62.73,80.81,0,1
23.28,56.28,80.97,0,1
21.25,51.88,61.8,1,1
21.2,58.82,53.61,0,1
23.56,56.38,54.49,0,1
24.08,58.36,55.68,0,1
16.91,61.61,46.82,0,1
25.37,50.84,42.01,1,1
23.74,56.56,62.97,0,1
22.6,54.48,45.59,0,1
20.72,54.39,51.78,0,1
20.16,59.46,43.79,0,1
27.14,47.04,77.78,0,1
35.85,90.13,89.33,0,-1
22.45,53.39,78.62,0,1
25.83,56.87,61.28,1,1
25.43,49.82,44.82,0,1
21.39,51.48,85.44,0,1
22.75,49.89,51.59,0,1
20.46,58.17,119.7,0,1
23.77,51.48,67.71,0,1
22.65,59.48,44.77,0,1
22.17,56.68,40.61,0,1
15.9,58.25,65.96,0,1
21.12,57.84,79.81,0,1
21.49,50.55,64.05,0,1
24.96,48.67,45.04,0,1
19.56,58.44,50.74,0,1
23.29,54.95,69.29,0,1
23.67,56.26,62.05,0,1
26.91,47.95,55.78,0,1
24.9,51.18,60.06,0,1
22.82,51.49,44.81,1,1
22.77,56.74,58.94,0,1
18.49,60.7,61.31,0,1
25.97,51.25,79.4,0,1
20.25,57.1,53.85,0,1
24.39,51.05,63.58,0,1
22.85,49.31,53.07,0,1
20.89,58.32,90.96,1,1
27.36,48.65,53.94,0,1
21.49,58.73,57.72,0,1
19.55,52.07,55.18,0,1
25.42,46.57,42.14,0,1
21.68,57.83,43.94,0,1
18.46,63.18,91.2,0,1
19.55,55.73,55.3,0,1
21.92,52.83,71.11,1,1
32.43,97.36,90.88,0,-1
23.16,56.94,45.05,0,1
27.97,50.34,66.16,0,1
20.46,58.65,47.92,0,1
20.47,60.2,41.06,0,1
22.75,53.05,87.89,0,1
23.55,52.34,66.72,0,1
21.78,57.67,44.84,0,1
22.63,58.85,63.8,1,1
20.42,56.81,88.72,0,1
23.78,55.69,45.48,0,1
53.23,22.47,63.13,1,-1
23.78,50.49,61.85,0,1
20.96,57.96,41.22,1,1
24.4,52.02,95.74,0,1
27.68,46.64,57.26,0,1
21.81,53.39,40.22,0,1
21.62,57.1,77.76,1,1
20.38,53.55,103.73,1,1
19.3,62.66,46.14,1,1
22.71,55.45,42.49,0,1
20.29,53.62,41.81,0,1
23.66,51.37,78.17,0,1
23.1,56.97,86.43,1,1
22.95,57.52,45.34,0,1
23.36,60.73,59.5,0,1
20.34,53.89,52.27,0,1
26.06,51.36,79.11,0,1
23.92,54.8,41.36,0,1
22.52,58.32,51.64,0,1
22.89,59.08,84.19,0,1
16.74,69.45,42.45,0,1
22.87,51.54,68.56,0,1
22.2,50.65,123.51,1,1
21.88,53.26,68.98,0,1
21.52,58.05,55.21,1,1
18.91,58.45,54.02,0,1
24.82,49.58,79.9,0,1
39.27,91.35,79.11,0,-1
22.36,53.38,150.0,0,1
20.07,60.35,84.63,0,1
40.4,92.07,56.13,0,-1
24.86,51.16,67.29,0,1
22.49,57.11,86.14,0,1
22.15,55.36,46.4,1,1
20.91,54.9,44.71,0,1
24.2,54.12,74.35,1,1
21.81,57.34,89.43,1,1
21.08,53.01,76.06,1,1
22.49,56.83,53.37,0,1
23.2,59.14,145.05,0,1
20.68,55.13,50.74,0,1
18.49,64.72,40.87,0,1
24.56,55.0,115.38,0,1
23.13,53.62,62.62,0,1
22.68,53.63,150.0,1,1
23.76,54.23,73.81,0,1
25.59,47.58,81.92,1,1
25.83,50.69,94.83,0,1
22.85,52.2,41.31,1,1
20.73,53.51,126.77,0,1
22.69,57.15,72.6,1,1
23.58,54.89,51.77,0,1
20.04,53.67,84.72,1,1
25.28,50.59,40.63,0,1
20.71,52.64,462.77,0,-1
20.39,62.15,44.22,0,1
19.99,62.78,59.01,0,1
25.32,49.25,76.95,0,1
22.19,48.86,45.8,0,1
26.04,47.29,50.4,0,1
21.0,58.06,54.25,0,1
24.26,55.71,57.63,0,1
22.54,56.85,48.65,0,1
17.01,60.28,77.1,0,1
23.91,50.86,52.38,0,1
24.36,52.72,150.0,0,1
21.64,64.29,77.6,0,1
22.82,51.87,66.97,0,1
24.29,50.16,67.73,0,1
22.42,57.75,94.35,0,1
17.83,59.2,126.73,0,1
20.72,54.73,59.63,0,1
22.58,48.69,84.93,0,1
19.75,57.63,40.55,1,1
17.23,62.71,76.96,0,1
22.43,48.73,59.07,1,1
20.57,57.8,125.78,0,1
22.23,57.43,43.03,0,1
18.67,58.41,45.0,1,1
20.51,55.89,56.92,0,1
22.02,61.13,42.62,0,1
24.82,51.41,48.54,1,1
23.26,52.56,54.73,0,1
23.16,54.23,121.48,0,1
25.0,47.8,56.15,0,1
22.21,56.74,65.93,0,1
18.52,57.84,44.2,0,1
23.11,55.61,72.03,0,1
17.98,61.09,45.73,0,1
23.61,54.23,84.32,0,1
18.7,63.05,69.68,0,1
22.53,55.03,41.91,0,1
24.64,47.1,40.97,0,1
21.6,59.15,51.82,1,1
16.84,68.9,75.43,0,1
19.35,60.98,72.68,1,1
24.82,47.39,79.07,0,1
23.68,50.5,59.94,0,1
20.22,62.16,40.31,0,1
19.49,55.3,86.19,0,1
22.36,51.73,40.44,1,1
21.91,49.71,326.99,0,-1
21.08,55.04,60.38,0,1
27.53,46.58,93.49,0,1
21.13,50.23,42.21,1,1
21.09,52.83,505.3,0,-1
18.57,62.6,48.62,0,1
21.02,56.24,74.76,0,1
22.29,46.54,55.23,0,1
22.65,52.86,80.21,0,1
22.77,55.26,101.83,0,1
20.24,62.76,46.0,0,1
18.77,59.6,50.62,1,1
23.62,52.77,71.42,1,1
19.41,57.09,48.54,0,1
21.72,56.5,41.4,0,1
20.24,61.67,51.97,0,1
22.5,55.16,40.44,0,1
21.81,57.05,59.98,0,1
35.61,88.06,83.77,0,-1
21.16,46.81,283.96,0,-1
20.23,48.8,108.71,0,1
19.74,58.05,75.4,0,1
21.42,58.46,57.35,0,1
23.09,54.24,43.38,0,1
22.1,60.65,44.67,0,1
22.92,53.09,130.54,0,1
20.68,52.69,44.48,0,1
22.49,59.2,42.87,1,1
18.8,62.86,56.4,0,1
19.98,53.46,51.31,0,1
21.83,57.69,107.37,0,1
22.21,53.51,52.99,0,1
21.03,58.01,45.76,1,1
20.25,57.26,67.58,1,1
19.92,64.18,77.75,0,1
23.76,52.98,45.13,0,1
22.87,49.11,62.16,0,1
19.46,61.79,52.84,0,1
25.07,48.64,44.0,0,1
22.55,53.92,115.12,0,1
23.8,47.91,44.11,0,1
19.51,55.95,51.52,0,1
20.0,61.43,56.91,1,1
19.94,57.48,70.05,1,1
26.43,50.24,63.62,0,1
54.72,23.87,59.72,0,-1
21.07,58.1,44.28,0,1
26.39,44.6,51.72,0,1
18.5,60.96,42.8,0,1
21.33,55.34,138.55,0,1
20.89,58.38,78.94,0,1
24.66,48.01,54.27,0,1
23.8,49.69,48.23,0,1
27.39,52.52,88.35,0,1
21.74,55.26,81.95,0,1
21.91,50.9,43.21,0,1
27.16,49.79,64.96,0,1
20.12,56.71,61.89,0,1
22.94,48.57,591.25,0,-1
25.09,51.33,44.05,0,1
21.2,60.81,150.0,0,1
20.78,57.29,44.65,0,1
37.87,85.3,83.88,0,-1
26.31,54.67,50.1,0,1
23.35,49.57,45.09,0,1
22.11,53.03,53.04,1,1
25.48,51.04,63.02,0,1
23.1,53.92,55.35,0,1
19.58,61.69,65.16,0,1
21.73,58.88,44.29,0,1
19.4,54.8,48.29,1,1
24.13,55.9,150.0,0,1
17.57,65.22,52.29,0,1
20.98,57.9,62.17,0,1
23.11,53.15,47.14,0,1
21.16,54.08,52.99,0,1
26.17,49.23,85.19,0,1
18.26,60.71,59.65,0,1
20.37,53.25,139.9,0,1
22.97,45.23,41.85,1,1
22.96,51.2,41.46,0,1
24.22,47.69,45.29,0,1
18.59,54.17,48.61,0,1
22.11,44.79,456.74,0,-1
21.81,58.71,63.63,1,1
21.93,52.82,44.08,0,1
20.56,55.19,40.15,0,1
18.86,61.81,49.2,0,1
18.17,62.69,53.04,0,1
18.51,55.97,78.98,0,1
23.23,47.92,47.92,0,1
23.32,48.52,60.09,0,1
24.42,51.59,40.38,0,1
24.12,49.97,59.76,0,1
23.02,58.83,76.56,0,1
26.35,51.4,43.31,0,1
26.2,47.24,112.38,1,1
20.58,56.95,63.43,0,1
19.17,61.55,50.96,1,1
25.04,47.99,118.39,1,1
25.69,50.99,71.17,0,1
21.86,58.42,112.18,0,1
23.18,50.9,141.21,0,1
17.06,62.8,60.92,0,1
22.47,54.51,55.86,0,1
23.46,53.02,45.92,0,1
19.69,63.31,74.27,0,1
23.13,48.8,119.8,1,1
18.04,56.73,48.81,0,1
24.82,52.49,53.63,0,1
19.95,58.55,49.95,0,1
23.24,52.62,40.56,1,1
21.9,54.54,46.07,0,1
18.14,60.79,48.81,0,1
20.6,54.7,45.15,0,1
23.09,53.39,104.3,0,1
23.05,53.79,44.88,0,1
20.07,58.34,40.19,1,1
22.37,58.49,47.43,1,1
20.92,56.5,54.16,0,1
22.98,57.09,49.95,0,1
21.45,60.6,77.96,0,1
22.99,52.21,41.42,0,1
21.91,54.42,57.88,1,1
23.26,54.99,150.0,0,1
24.97,46.19,56.39,0,1
21.43,57.78,41.98,0,1
21.3,52.79,40.57,0,1
22.6,60.97,50.11,0,1
22.83,52.06,102.24,1,1
22.43,53.16,91.6,0,1
22.72,53.1,42.13,0,1
23.8,49.44,56.74,0,1
21.57,53.53,150.0,0,1
24.16,53.45,52.07,0,1
22.43,54.24,44.86,0,1
24.19,55.5,53.52,1,1
24.23,58.9,117.32,0,1
19.46,57.87,48.61,0,1
22.45,52.3,51.58,0,1
21.85,57.42,45.21,1,1
22.63,50.52,50.21,0,1
21.35,57.55,49.6,1,1
24.71,52.78,40.34,0,1
23.03,36.21,366.45,0,-1
21.91,58.63,66.96,0,1
24.58,54.4,47.07,0,1
21.3,55.69,75.76,1,1
17.98,63.49,123.21,0,1
19.94,52.62,62.92,0,1
19.17,59.87,71.56,0,1
25.44,46.73,52.53,1,1
24.98,51.16,49.9,0,1
21.52,60.02,81.27,0,1
21.68,60.9,67.1,0,1
26.26,44.41,45.59,0,1
21.0,51.46,45.75,0,1
22.83,53.49,43.47,0,1
16.96,65.65,78.15,0,1
24.9,46.63,45.16,0,1
17.78,59.08,103.84,1,1
27.43,51.94,131.0,0,1
23.36,48.37,121.28,0,1
20.21,55.15,64.9,0,1
20.33,58.98,50.3,1,1
17.52,61.78,40.89,1,1
20.8,59.85,123.59,1,1
24.76,49.02,65.43,0,1
21.79,53.71,51.28,0,1
23.52,53.91,48.77,0,1
23.38,52.26,40.74,0,1
18.62,65.1,59.08,0,1
19.84,63.02,70.5,0,1
23.56,52.04,56.41,0,1
18.48,56.91,47.83,0,1
22.44,53.48,44.74,0,1
23.93,53.1,52.57,0,1
19.69,59.14,77.59,0,1
20.47,54.5,113.49,0,1
19.9,54.19,90.02,0,1
22.03,50.35,67.11,0,1
19.83,58.36,89.28,0,1
21.6,52.87,68.7,0,1
23.92,50.79,55.04,0,1
25.61,47.66,66.55,1,1
18.58,54.84,42.51,1,1
20.55,55.81,61.21,0,1
22.93,50.43,51.22,0,1
22.9,52.78,42.15,0,1
24.6,48.42,117.18,0,1
21.85,57.62,88.38,1,1
23.43,53.87,57.26,0,1
23.47,47.87,46.97,0,1
21.32,60.12,103.31,0,1
22.75,48.82,92.89,0,1
22.19,50.75,50.62,0,1
25.86,47.4,50.66,0,1
22.44,56.56,43.04,1,1
21.78,61.31,48.62,0,1
19.76,58.65,96.23,0,1
18.25,66.23,49.0,0,1
20.54,52.35,47.92,1,1
18.69,63.14,88.33,1,1
21.63,52.36,45.45,0,1
21.23,58.12,82.88,0,1
21.84,54.78,59.52,0,1
25.77,51.66,50.58,1,1
40.94,90.65,92.42,0,-1
17.96,68.56,47.29,1,1
23.06,47.89,56.35,0,1
28.28,46.0,60.11,0,1
23.8,48.93,141.06,1,1
19.76,55.0,95.0,0,1
25.32,52.34,58.69,0,1
19.98,54.42,48.26,0,1
22.91,46.54,111.69,0,1
26.39,47.59,63.75,0,1
27.23,47.11,50.57,1,1
22.13,48.43,75.88,0,1
39.91,22.72,70.7,1,-1
20.33,61.02,48.6,0,1
49.69,22.97,72.05,0,-1
21.91,52.6,67.74,0,1
19.32,60.13,40.23,0,1
23.94,55.96,95.79,0,1
21.38,56.36,44.82,0,1
22.07,61.15,54.27,0,1
22.39,58.9,42.31,1,1
22.98,50.4,48.5,0,1
23.38,52.87,101.78,0,1
22.26,50.64,50.24,0,1
20.65,53.82,61.52,1,1
23.55,53.06,68.84,0,1
19.13,56.36,41.18,0,1
21.49,56.68,72.48,0,1
21.14,58.28,90.82,0,1
21.39,49.44,49.36,0,1
22.35,54.26,41.5,1,1
20.57,57.09,41.08,1,1
19.96,55.34,58.05,0,1
22.84,52.39,95.42,1,1
24.91,52.49,67.05,0,1
20.23,40.79,253.93,0,-1
19.27,57.26,66.58,0,1
25.19,45.89,46.46,1,1
41.97,95.13,60.04,0,-1
23.7,52.91,70.81,0,1
22.96,51.65,66.65,0,1
33.76,93.27,41.0,0,-1
24.5,51.99,44.95,0,1
22.06,57.83,41.92,0,1
18.99,64.43,46.11,0,1
23.74,53.32,92.39,0,1
19.5,55.96,55.99,0,1
20.07,47.36,594.37,0,-1
22.58,51.42,59.76,1,1
16.51,67.06,62.25,1,1
23.3,50.13,93.08,0,1
17.77,59.59,65.51,0,1
21.14,59.06,61.08,0,1
18.11,57.32,65.11,0,1
17.98,57.86,47.37,0,1
23.07,53.05,57.97,0,1
20.17,60.64,47.75,1,1
20.17,61.41,94.07,0,1
19.59,58.44,62.46,0,1
21.48,54.35,47.44,0,1
22.43,49.54,50.06,0,1
22.88,50.93,62.09,0,1
22.7,49.82,63.07,1,1
18.0,58.77,55.33,0,1
17.59,63.83,87.03,1,1
23.51,52.71,58.47,0,1
19.59,58.74,64.38,0,1
20.62,59.77,87.35,0,1
22.19,51.37,70.38,0,1
21.86,55.59,53.59,0,1
27.77,50.55,97.0,0,1
23.16,54.45,75.81,0,1
52.58,17.0,62.57,0,-1
25.29,51.38,60.35,0,1
22.42,54.12,78.47,0,1
23.29,54.15,60.63,0,1
20.55,53.81,111.3,0,1
22.02,54.3,66.02,0,1
33.61,86.84,81.26,0,-1
22.0,52.03,40.27,0,1
20.85,55.25,49.51,0,1
24.65,52.42,41.26,1,1
20.46,50.82,594.95,0,-1
19.8,57.48,54.93,0,1
20.49,58.19,50.02,0,1
22.75,50.44,74.43,0,1
21.01,58.16,57.34,0,1
20.36,58.24,84.72,0,1
23.1,55.85,54.56,0,1
21.19,56.49,66.81,0,1
20.32,57.08,40.85,1,1
24.69,52.14,48.41,0,1
23.62,51.59,52.95,0,1
38.93,87.06,67.72,0,-1
18.95,58.66,47.01,1,1
25.63,56.19,86.28,0,1
24.74,45.74,54.04,0,1
24.15,45.83,89.01,1,1
23.02,54.53,64.74,0,1
25.71,49.72,56.03,0,1
25.26,53.98,61.37,0,1
17.41,64.47,49.22,0,1
21.47,56.0,41.86,0,1
25.87,54.61,81.96,1,1
21.39,64.29,60.02,1,1
19.32,64.78,45.02,0,1
17.28,62.53,54.55,0,1
21.94,47.24,83.99,0,1
50.62,15.89,57.02,1,-1
18.76,62.74,70.86,0,1
24.65,53.75,52.45,1,1
21.08,53.91,81.21,0,1
25.09,55.95,88.18,0,1
19.24,60.35,107.39,0,1
21.1,58.57,55.79,1,1
24.18,47.58,72.74,0,1
21.77,55.96,52.42,0,1
25.63,48.79,47.78,0,1
22.09,56.84,59.65,0,1
20.03,54.19,76.24,1,1
22.98,50.95,43.79,0,1
23.1,56.81,55.69,0,1
24.08,48.71,55.17,0,1
20.56,53.56,62.39,0,1
22.57,51.68,80.96,1,1
21.82,51.57,54.93,0,1
27.23,42.49,97.78,1,1
22.81,55.31,75.57,0,1
21.91,49.24,71.62,0,1
51.54,19.14,69.73,0,-1
22.74,51.35,59.27,0,1
22.74,55.25,41.28,0,1
21.73,47.5,599.88,0,-1
16.45,64.35,44.94,1,1
21.31,57.03,52.58,0,1
24.6,51.02,46.39,0,1
24.12,54.17,50.95,0,1
19.33,59.42,150.0,0,1
20.44,58.77,42.6,0,1
23.75,51.79,79.81,1,1
19.79,63.41,51.38,0,1
24.05,54.28,58.76,0,1
25.84,49.06,99.1,0,1
23.08,52.12,47.31,0,1
43.16,19.9,83.91,0,-1
17.38,52.26,96.12,0,1
22.95,55.11,61.26,0,1
21.71,55.09,73.94,0,1
17.74,64.96,54.38,0,1
22.91,55.34,69.8,0,1
23.53,51.9,55.58,1,1
19.66,56.21,48.87,0,1
22.45,57.96,55.02,0,1
20.22,55.54,60.54,0,1
21.75,55.87,40.62,0,1
22.87,52.71,44.38,0,1
21.93,58.49,56.68,0,1
24.42,49.16,59.05,0,1
22.04,60.58,42.17,0,1
21.84,53.5,62.68,1,1
23.26,48.68,55.56,0,1
23.68,50.29,48.78,0,1
22.1,56.21,56.54,0,1
25.32,46.91,59.42,0,1
22.96,48.08,150.0,0,1
22.1,55.27,136.76,0,1
24.34,51.96,93.07,0,1
17.89,56.74,65.73,1,1
22.64,51.65,45.59,0,1
22.02,55.13,57.53,0,1
22.36,55.99,47.51,0,1
21.95,51.43,77.27,0,1
23.66,55.76,105.68,0,1
27.15,48.88,81.69,0,1
23.28,52.75,47.83,0,1
19.73,60.94,57.46,0,1
23.52,54.8,82.19,0,1
19.88,58.24,55.05,0,1
26.26,53.23,65.73,1,1
21.56,56.19,64.87,0,1
26.68,47.46,110.85,1,1
22.95,47.15,62.17,0,1
25.52,48.12,67.44,0,1
20.48,60.6,56.81,0,1
20.56,54.48,43.24,0,1
24.69,47.99,122.89,0,1
20.44,56.77,61.36,0,1
25.5,49.62,48.02,0,1
19.59,55.78,72.25,1,1
19.73,61.49,52.95,0,1
23.06,49.14,44.62,0,1
20.74,61.32,46.21,0,1
19.85,60.19,89.36,0,1
24.34,51.76,55.89,0,1
24.67,46.33,52.44,0,1
23.25,49.41,549.05,0,-1
23.73,55.03,63.95,0,1
15.49,59.22,66.53,0,1
21.06,59.96,45.16,0,1
19.93,58.01,50.18,0,1
22.81,47.84,55.93,1,1
25.28,52.2,55.03,1,1
22.49,52.75,68.45,0,1
20.66,59.57,62.99,0,1
24.03,49.39,145.73,0,1
23.82,47.79,71.46,0,1
21.64,52.85,54.11,0,1
25.8,53.8,78.91,0,1
20.14,57.25,86.97,1,1
21.94,55.24,44.49,0,1
24.97,49.61,44.7,1,1
23.29,54.06,41.91,1,1
23.96,54.09,45.93,0,1
20.82,56.42,74.04,0,1
19.89,58.38,63.75,0,1
25.76,51.1,116.75,0,1
22.93,59.47,52.9,0,1
17.08,68.83,47.41,0,1
27.19,50.32,57.58,1,1
22.05,56.79,54.25,0,1
23.9,50.81,75.85,0,1
26.73,46.55,79.26,1,1
21.62,51.37,50.59,0,1
17.56,54.56,63.74,1,1
22.56,49.16,45.94,1,1
20.75,57.16,121.01,0,1
19.44,61.74,59.3,0,1
23.25,56.4,42.91,0,1
20.78,55.19,77.69,0,1
23.56,51.69,55.97,0,1
21.54,56.35,71.0,0,1
26.34,48.81,52.93,1,1
22.25,52.58,41.89,0,1
24.99,49.89,107.75,0,1
22.12,47.5,49.67,0,1
33.07,90.98,108.45,0,-1
23.27,51.42,46.08,0,1
19.68,62.52,52.75,0,1
25.63,54.12,47.48,1,1
22.46,52.13,55.38,0,1
20.52,57.28,41.29,1,1
21.7,55.15,78.67,0,1
19.45,57.75,85.08,0,1
22.15,57.39,63.45,1,1
21.24,59.44,64.14,0,1
23.76,51.36,86.36,0,1
22.76,53.82,58.54,0,1
21.46,53.94,52.63,0,1
22.09,58.33,59.22,1,1
18.49,58.92,61.76,0,1
20.07,55.08,106.48,0,1
18.29,61.78,60.66,0,1
21.77,55.82,41.47,0,1
26.07,47.71,46.21,0,1
25.56,47.32,41.15,0,1
23.04,52.65,48.56,0,1
23.16,49.56,146.07,0,1
24.2,54.21,42.66,0,1
25.93,50.87,51.0,0,1
27.53,48.17,118.6,1,1
24.98,49.96,48.56,0,1
24.62,49.51,51.22,0,1
20.79,56.5,58.58,0,1
20.05,56.9,46.97,1,1
19.24,58.61,54.44,0,1
23.39,58.82,62.35,0,1
20.22,60.15,112.67,0,1
23.36,61.07,61.79,0,1
19.97,54.78,54.56,0,1
20.58,57.8,52.59,0,1
23.66,56.28,57.35,0,1
22.13,57.11,86.22,0,1
19.34,56.49,40.44,0,1
38.51,86.39,100.96,0,-1
21.9,56.82,59.9,1,1
17.23,60.38,77.26,0,1
26.64,51.4,55.74,0,1
21.03,55.64,150.0,0,1
16.46,65.69,61.43,0,1
22.56,58.93,74.98,0,1
21.29,59.53,86.57,0,1
22.18,57.61,99.83,1,1
23.15,51.82,52.26,0,1
20.15,55.32,55.97,0,1
19.83,56.42,85.53,0,1
19.97,58.37,87.08,0,1
21.26,60.12,44.1,1,1
23.71,52.74,81.01,0,1
24.21,53.19,97.14,0,1
22.15,54.68,62.47,0,1
40.49,88.39,77.74,0,-1
16.66,61.77,47.34,0,1
21.98,58.11,51.64,0,1
21.23,57.25,144.47,1,1
22.72,48.8,54.51,0,1
16.47,63.26,40.73,0,1
21.03,58.23,42.75,0,1
21.16,58.44,45.64,1,1
24.93,45.47,52.57,0,1
23.68,48.93,41.44,1,1
22.8,53.45,43.53,1,1
21.77,50.39,79.93,0,1
22.33,49.6,88.51,0,1
18.21,65.98,63.74,0,1
15.42,70.0,76.75,1,1
21.85,58.7,92.16,0,1
22.17,57.47,78.95,0,1
23.77,47.87,40.49,1,1
22.99,56.01,49.01,0,1
22.33,55.7,79.03,0,1
24.74,49.23,103.58,0,1
22.35,56.71,47.99,0,1
24.23,50.73,40.21,1,1
22.88,51.54,42.19,0,1
19.93,60.3,81.67,0,1
19.01,59.68,54.17,0,1
23.47,51.37,41.44,0,1
21.66,55.24,59.84,0,1
22.0,59.62,48.58,0,1
22.69,55.84,44.99,0,1
22.56,52.86,41.77,0,1
19.49,59.53,50.86,1,1
22.94,57.2,45.93,1,1
21.22,55.54,52.67,1,1
23.24,50.14,41.23,0,1
19.5,50.53,135.94,0,1
19.06,59.46,49.43,1,1
23.65,58.72,75.21,0,1
53.35,24.81,102.15,0,-1
23.41,48.44,62.05,0,1
20.07,57.77,61.32,0,1
18.73,54.67,51.2,1,1
19.9,59.46,56.51,0,1
26.44,48.52,40.92,0,1
24.72,51.17,43.57,0,1
25.83,47.95,59.32,1,1
21.76,56.27,132.62,0,1
21.28,53.69,61.87,1,1
15.13,70.0,56.61,0,1
23.75,50.95,105.33,0,1
27.38,48.99,146.67,1,1
21.4,55.03,40.55,0,1
19.61,58.04,54.59,0,1
20.84,60.2,52.37,0,1
20.59,56.61,110.43,0,1
14.48,67.28,41.33,0,1
23.98,53.32,51.14,0,1
22.75,58.91,89.48,0,1
19.93,54.73,81.78,0,1
21.69,57.05,59.14,0,1
19.4,56.88,44.97,1,1
26.64,46.95,105.7,0,1
25.56,49.66,68.0,1,1
19.74,58.63,47.65,1,1
19.27,52.61,75.12,1,1
24.06,55.97,58.09,1,1
25.09,53.26,41.3,1,1
23.79,53.95,41.36,0,1
20.6,55.6,96.57,0,1
23.29,48.61,55.3,1,1
14.68,64.79,48.63,1,1
20.01,55.53,42.53,0,1
22.5,54.75,81.17,0,1
24.93,47.37,42.48,0,1
25.46,54.39,72.06,0,1
49.22,17.46,57.15,0,-1
18.01,59.13,53.7,0,1
25.97,49.32,88.49,0,1
21.21,55.36,121.05,0,1
22.09,59.52,45.85,0,1
18.89,56.95,66.61,0,1
17.63,61.29,55.09,1,1
16.57,62.64,75.55,0,1
23.22,55.28,101.92,0,1
24.79,44.55,65.35,1,1
26.4,46.98,45.1,1,1
23.78,51.67,49.62,1,1
19.17,58.12,79.01,0,1
27.41,46.06,79.94,0,1
19.87,58.64,71.18,0,1
22.12,53.24,48.52,1,1
25.09,55.87,43.02,1,1
23.09,62.13,432.17,0,-1
24.37,50.78,47.02,0,1
19.02,60.27,65.2,1,1
22.47,54.09,80.01,0,1
25.14,47.77,77.42,0,1
27.24,44.13,66.74,1,1
22.07,54.5,50.48,1,1
24.14,52.53,128.57,0,1
20.61,54.1,92.81,0,1
23.63,53.43,40.82,0,1
22.41,57.41,44.17,0,1
18.74,54.35,81.09,0,1
40.9,91.12,85.04,0,-1
19.63,57.11,48.47,0,1
19.33,54.78,75.91,0,1
21.83,59.57,66.56,0,1
40.13,96.93,104.61,0,-1
20.2,59.94,59.66,0,1
24.75,54.02,50.98,0,1
22.93,55.7,82.96,0,1
23.15,54.76,41.19,1,1
22.98,49.66,571.38,0,-1
23.08,50.3,50.31,0,1
25.19,52.34,65.07,0,1
23.44,46.53,84.84,0,1
23.48,55.04,40.72,0,1
21.08,50.58,63.57,0,1
21.28,53.38,48.38,1,1
18.94,61.65,67.45,1,1
18.48,65.07,83.57,0,1
20.78,57.32,41.37,0,1
21.72,61.95,61.18,1,1
25.76,55.32,52.51,0,1
19.37,62.35,48.52,0,1
24.36,48.0,59.56,0,1
22.61,49.38,42.9,0,1
19.21,58.38,82.78,1,1
21.17,55.71,96.2,0,1
21.03,58.26,55.87,0,1
22.32,53.22,41.02,1,1
17.22,63.33,49.75,1,1
20.17,59.17,80.32,0,1
25.14,50.2,58.42,0,1
21.07,59.32,65.62,0,1
20.56,60.74,125.52,0,1
25.24,52.96,42.87,0,1
23.29,49.68,47.02,0,1
21.44,57.14,84.02,1,1
26.87,44.22,41.16,1,1
23.28,56.25,42.63,0,1
24.1,56.05,41.56,0,1
20.62,54.0,79.36,1,1
21.8,58.2,70.93,0,1
23.41,53.83,41.02,0,1
16.78,57.71,88.25,0,1
17.2,60.77,89.31,0,1
19.3,59.11,133.86,0,1
24.33,48.03,65.92,0,1
20.52,54.93,89.45,0,1
24.12,53.62,45.29,0,1
24.79,55.06,45.83,0,1
20.99,54.84,56.21,0,1
24.92,53.19,90.29,1,1
23.84,56.08,51.79,0,1
22.87,59.84,53.23,1,1
23.08,47.57,65.33,0,1
24.11,51.92,106.85,0,1
22.28,48.52,400.42,0,-1
19.7,60.78,86.24,1,1
19.47,61.32,62.38,0,1
22.31,40.63,362.61,0,-1
23.7,52.54,51.55,0,1
20.8,57.7,64.79,0,1
20.83,58.98,65.12,0,1
18.98,55.53,54.76,0,1
23.72,46.87,41.67,0,1
24.49,53.09,48.59,0,1
23.01,60.52,64.73,0,1
22.39,52.03,60.47,0,1
17.98,59.32,48.66,0,1
23.17,53.16,59.38,1,1
22.05,51.7,55.65,0,1
23.28,51.11,66.14,0,1
22.25,54.62,41.08,0,1
18.86,58.65,69.39,0,1
23.46,55.7,40.11,0,1
19.49,57.8,45.17,1,1
26.98,49.9,73.76,0,1
24.85,54.21,56.76,0,1
22.48,53.34,81.15,0,1
21.87,52.72,102.0,0,1
22.31,46.43,62.84,0,1
23.27,53.74,51.16,0,1
20.31,55.86,48.8,0,1
21.65,54.75,54.37,1,1
16.62,67.31,55.86,0,1
32.85,96.7,59.82,0,-1
25.15,49.83,62.68,0,1
20.74,52.4,58.27,0,1
19.36,62.79,40.24,0,1
26.89,50.52,47.7,0,1
22.25,58.87,53.93,0,1
26.79,45.93,41.32,0,1
20.17,57.41,149.18,1,1
20.81,58.07,45.71,0,1
26.85,45.03,48.11,0,1
20.81,45.28,76.3,0,1
20.49,55.77,46.78,0,1
22.28,53.74,54.46,0,1
20.99,59.15,64.85,0,1
17.96,59.51,43.87,1,1
20.55,62.41,41.14,0,1
23.63,53.48,43.17,0,1
21.81,54.74,48.94,0,1
24.32,49.69,62.65,0,1
21.94,56.86,68.46,0,1
22.38,52.61,96.35,0,1
20.48,60.26,71.42,0,1
21.24,57.31,54.35,0,1
18.57,64.43,46.19,0,1
22.24,55.26,50.45,0,1
23.29,51.48,63.04,1,1
23.03,54.09,41.9,1,1
22.2,56.31,88.44,0,1
18.6,56.99,70.68,0,1
40.8,87.65,94.99,0,-1
24.98,47.92,40.18,0,1
19.65,63.53,45.91,0,1
22.03,50.16,45.41,1,1
25.85,48.68,150.0,0,1
21.59,52.2,43.83,1,1
22.6,58.44,42.4,0,1
24.95,53.3,92.36,0,1
27.68,50.06,74.3,0,1
19.67,55.99,69.28,0,1
37.72,89.33,72.46,0,-1
24.85,54.99,56.29,0,1
24.55,49.02,76.52,1,1
20.28,53.37,68.06,0,1
53.77,22.65,93.7,0,-1
26.72,45.75,54.42,0,1
24.72,53.15,301.59,0,-1
21.04,58.16,69.88,1,1
21.74,57.81,42.95,0,1
18.0,60.09,43.23,0,1
25.49,43.62,96.16,0,1
21.86,52.7,42.73,0,1
22.42,57.8,44.45,0,1
21.97,54.34,46.82,1,1
20.38,59.29,75.7,1,1
27.76,54.11,45.43,1,1
17.93,56.69,75.33,0,1
21.27,56.54,62.57,0,1
22.21,57.78,60.68,0,1
22.46,54.27,60.65,0,1
21.32,56.1,74.33,0,1
21.0,54.34,44.59,1,1
23.61,53.43,44.04,1,1
19.38,54.7,92.64,0,1
20.2,55.39,150.0,0,1
22.56,54.28,91.01,0,1
19.75,60.68,42.2,1,1
21.26,61.4,49.82,0,1
19.56,59.03,56.84,0,1
20.44,58.23,52.24,0,1
22.18,51.57,44.53,0,1
23.88,54.35,50.57,1,1
21.3,52.05,497.72,0,-1
21.51,51.29,40.42,0,1
25.63,49.4,56.73,0,1
27.19,49.67,41.72,0,1
25.1,50.8,47.16,0,1
19.48,53.57,495.72,0,-1
21.83,54.51,99.77,0,1
22.2,55.02,97.86,0,1
24.24,55.85,67.7,0,1
22.52,59.23,93.87,0,1
22.68,57.65,42.19,1,1
26.07,50.3,41.29,1,1
20.32,52.41,43.75,1,1
21.62,53.12,433.07,0,-1
19.57,63.69,48.52,0,1
26.78,53.5,150.0,0,1
23.46,53.01,67.53,0,1
38.15,90.7,100.13,0,-1
19.27,60.17,111.11,0,1
22.35,54.81,112.14,0,1
25.32,50.45,58.87,0,1
25.02,49.57,42.09,0,1
17.96,59.46,73.62,0,1
20.7,58.8,87.8,0,1
23.65,53.7,53.99,0,1
24.65,50.37,41.03,0,1
25.66,49.55,45.25,0,1
17.56,60.25,63.29,0,1
19.88,59.59,72.72,0,1
24.02,52.26,60.91,0,1
15.94,60.37,40.45,0,1
23.05,52.24,43.02,0,1
17.92,60.9,59.17,0,1
20.37,55.64,47.35,0,1
24.77,49.71,42.26,0,1
23.06,56.34,44.98,0,1
20.63,52.78,62.83,0,1
18.79,46.24,421.0,0,-1
24.29,48.8,46.91,0,1
23.2,50.74,71.53,0,1
22.54,58.53,43.69,0,1
23.46,59.06,40.46,1,1
41.47,94.51,27.47,0,-1
24.98,45.19,57.64,1,1
22.52,58.45,83.85,1,1
22.57,53.58,80.93,0,1
24.68,51.68,75.0,0,1
23.89,49.71,81.7,0,1
20.87,52.18,64.07,0,1
24.46,52.6,117.76,1,1
28.5,50.85,62.45,0,1
19.24,59.71,74.24,0,1
19.52,58.2,53.93,1,1
29.37,43.69,55.79,0,1
19.62,59.73,91.07,1,1
19.05,61.08,92.02,0,1
21.71,54.79,150.0,0,1
21.29,52.44,70.1,0,1
18.6,63.13,83.41,1,1
22.53,54.71,40.72,0,1
21.36,52.27,50.5,0,1
25.11,52.28,83.96,0,1
24.81,49.54,41.91,0,1
20.27,55.36,51.5,0,1
22.09,53.81,62.18,1,1
20.57,43.98,254.24,0,-1
24.76,50.8,63.62,0,1
22.52,48.18,46.53,0,1
21.4,55.73,56.73,1,1
18.48,56.96,49.84,1,1
21.39,58.45,80.52,0,1
18.59,59.23,54.4,0,1
20.95,60.64,54.41,0,1
18.08,59.44,68.95,1,1
25.42,47.09,45.24,0,1
21.44,52.92,59.84,0,1
20.84,59.01,67.87,0,1
26.62,50.2,67.98,0,1
20.04,63.27,40.83,0,1
22.47,56.45,49.76,1,1
27.11,44.83,71.41,0,1
22.82,52.41,83.02,0,1
23.72,52.25,75.25,0,1
26.02,48.68,49.83,0,1
18.54,60.12,46.79,0,1
18.47,57.72,50.35,1,1
22.51,53.47,42.34,0,1
23.26,59.09,44.74,0,1
19.36,59.96,69.15,0,1
27.36,45.18,49.53,1,1
20.5,55.93,118.41,1,1
21.45,53.94,53.88,1,1
20.62,58.22,50.75,0,1
18.94,60.1,46.0,1,1
22.86,55.49,66.62,0,1
26.19,45.12,101.53,0,1
22.71,51.69,44.58,0,1
20.3,53.16,58.26,0,1
23.68,49.11,137.8,0,1
19.99,64.25,109.76,0,1
22.62,52.58,68.36,1,1
22.4,52.52,40.01,1,1
21.69,55.03,45.08,0,1
21.44,53.69,50.57,0,1
23.59,51.62,131.18,0,1
18.48,59.75,46.14,0,1
19.19,60.85,61.99,0,1
22.82,55.21,52.29,0,1
19.65,57.51,66.6,0,1
19.57,57.84,40.95,0,1
22.69,52.16,51.66,0,1
19.91,56.26,40.4,0,1
19.93,58.35,42.67,1,1
22.66,49.73,67.15,0,1
25.74,48.01,51.51,0,1
19.52,57.52,80.22,0,1
23.47,47.1,150.0,1,1
20.51,56.23,58.69,0,1
23.92,51.09,40.47,0,1
20.08,54.24,85.1,0,1
23.28,54.6,44.15,0,1
22.89,56.15,66.69,1,1
22.75,50.47,56.91,1,1
20.08,58.78,80.07,0,1
24.08,50.84,50.59,0,1
24.09,55.87,66.65,0,1
21.32,58.0,76.75,1,1
23.8,47.42,54.2,0,1
22.36,52.62,42.45,1,1
24.05,52.75,49.35,1,1
22.31,56.4,73.54,0,1
25.42,55.27,87.95,0,1
21.87,62.31,70.04,0,1
20.62,60.6,46.31,1,1
22.78,55.77,42.93,0,1
19.76,61.6,41.26,0,1
20.78,56.44,47.56,1,1
23.48,57.38,60.75,0,1
21.13,62.42,109.43,0,1
23.02,53.18,75.65,0,1
21.48,50.57,50.68,0,1
20.48,58.43,58.74,0,1
19.49,59.36,93.03,0,1
22.8,49.17,56.53,1,1
22.83,51.21,76.55,0,1
24.1,57.08,63.78,0,1
20.44,61.27,86.08,0,1
26.14,46.84,68.78,0,1
24.38,49.75,53.61,0,1
23.02,48.94,40.34,0,1
23.7,51.27,57.99,1,1
23.14,49.43,44.68,0,1
20.2,59.77,45.42,1,1
18.33,60.21,41.8,1,1
24.34,53.22,78.5,1,1
21.88,55.48,50.4,0,1
20.16,56.54,51.76,0,1
22.97,54.53,52.5,0,1
18.67,60.2,41.13,0,1
21.59,55.86,44.3,1,1
49.89,22.42,90.83,0,-1
22.27,51.9,60.21,0,1
21.63,50.24,55.84,0,1
21.96,54.93,102.41,0,1
19.78,56.56,40.73,0,1
14.7,65.61,65.74,0,1
15.62,61.15,51.37,0,1
16.42,62.2,57.85,0,1
23.25,51.07,47.19,0,1
19.7,60.23,56.02,1,1
16.94,54.93,497.47,0,-1
20.78,51.95,51.61,0,1
22.99,55.86,150.0,0,1
21.29,56.51,45.45,0,1
18.93,57.1,61.03,0,1
24.5,45.33,43.08,0,1
24.1,49.55,45.15,0,1
24.63,46.04,53.22,0,1
25.0,53.17,41.1,0,1
21.7,51.64,62.44,0,1
22.2,56.52,62.73,0,1
22.52,56.41,43.69,1,1
23.26,55.42,89.87,0,1
25.94,44.65,46.78,0,1
20.25,55.8,65.6,0,1
25.41,45.4,47.72,0,1
25.03,49.5,45.04,0,1
25.62,43.77,96.9,0,1
17.1,60.4,87.27,0,1
20.88,55.33,49.09,0,1
17.3,59.23,58.19,0,1
21.88,54.61,83.96,0,1
26.04,51.29,60.27,0,1
24.63,51.85,58.78,0,1
25.82,48.78,55.93,0,1
25.97,47.45,55.71,0,1
21.95,54.52,42.91,1,1
22.49,53.75,45.16,0,1
18.45,58.42,41.35,0,1
19.77,61.78,92.51,0,1
20.12,61.7,56.61,0,1
15.52,67.9,46.05,0,1
21.12,53.09,51.12,0,1
21.41,56.16,46.6,0,1
19.83,58.45,93.56,0,1
18.58,58.16,51.26,0,1
21.18,57.62,90.79,0,1
23.44,55.17,41.61,0,1
21.2,52.06,47.12,0,1
22.06,49.08,113.37,0,1
22.97,56.41,59.41,0,1
23.69,53.36,50.2,0,1
21.74,55.24,42.71,0,1
24.86,45.47,46.06,0,1
16.02,62.8,45.96,0,1
20.48,58.28,89.28,0,1
24.02,55.58,74.43,0,1
24.67,42.5,93.96,0,1
19.91,56.37,41.58,1,1
22.44,58.21,102.79,0,1
23.64,50.07,54.62,0,1
23.62,51.86,43.31,0,1
19.32,61.21,42.08,0,1
17.86,64.3,51.24,0,1
23.51,55.43,56.0,0,1
20.67,58.37,62.67,0,1
22.86,55.1,68.01,0,1
20.09,56.09,92.39,0,1
23.02,54.17,53.56,0,1
23.55,51.38,40.04,1,1
20.47,56.28,69.09,0,1
23.25,45.0,58.37,1,1
21.9,55.56,55.48,1,1
22.89,54.44,60.77,1,1
20.49,53.69,45.17,0,1
21.16,59.94,64.83,0,1
20.69,59.99,60.06,1,1
14.91,69.65,74.54,0,1
23.53,50.58,45.14,0,1
21.2,51.46,145.01,0,1
27.58,44.74,106.74,0,1
23.52,51.91,66.94,0,1
22.97,54.56,70.84,0,1
22.46,55.34,57.53,1,1
24.15,50.14,96.13,0,1
26.5,44.58,48.23,0,1
20.89,53.73,75.18,0,1
23.18,54.05,117.79,1,1
24.44,52.28,42.73,0,1
23.42,51.23,40.55,0,1
20.12,60.69,94.8,0,1
24.4,54.0,53.97,0,1
39.24,16.35,75.74,0,-1
23.7,50.1,48.3,0,1
23.28,53.62,145.57,0,1
26.06,44.27,69.1,1,1
16.09,63.96,54.92,0,1
20.59,55.12,40.59,0,1
19.16,61.26,60.13,1,1
21.29,53.34,46.61,0,1
22.09,54.97,44.13,1,1
19.27,54.77,60.41,0,1
23.08,52.13,48.28,0,1
20.84,52.93,50.06,0,1
22.28,55.35,40.82,1,1
17.06,60.1,44.38,0,1
18.06,59.02,55.77,0,1
19.87,54.28,47.86,0,1
22.56,54.39,58.35,0,1
24.49,52.28,54.04,0,1
16.79,60.9,96.45,0,1
20.76,57.47,60.57,0,1
21.18,54.38,57.15,0,1
19.05,64.42,45.45,0,1
39.85,85.22,72.64,0,-1
18.97,55.78,76.53,0,1
19.05,64.33,63.97,1,1
23.77,53.54,134.51,1,1
21.63,64.53,77.41,1,1
20.88,55.89,46.69,0,1
21.71,57.67,48.94,0,1
22.49,53.32,117.1,0,1
49.78,20.82,90.91,1,-1
22.64,58.29,42.19,0,1
18.11,63.77,44.08,0,1
16.9,61.31,41.66,0,1
20.53,56.7,41.66,0,1
49.9,17.43,50.51,0,-1
23.95,52.04,79.32,0,1
20.67,55.82,53.13,0,1
23.26,52.31,59.48,0,1
24.43,47.81,52.09,0,1
28.1,43.17,140.32,0,1
24.95,49.34,102.75,0,1
24.06,49.06,60.68,0,1
23.02,54.87,58.6,1,1
22.74,55.6,48.94,0,1
20.59,54.97,51.16,0,1
21.51,53.68,40.8,0,1
22.97,49.77,59.67,0,1
26.97,47.59,51.4,0,1
18.88,58.14,127.13,0,1
18.17,64.87,42.1,0,1
23.35,53.58,94.64,0,1
26.24,48.42,41.93,0,1
19.81,63.44,49.71,0,1
18.41,58.18,42.99,0,1
22.82,49.73,44.75,1,1
20.11,55.88,41.36,0,1
19.0,57.53,112.16,0,1
21.22,60.99,48.38,1,1
23.44,51.55,41.38,0,1
23.19,53.39,40.5,1,1
23.14,54.18,44.99,0,1
21.04,60.13,66.35,0,1
22.49,56.5,67.36,0,1
23.25,50.59,41.11,0,1
17.5,59.59,45.71,1,1
26.09,45.85,46.07,1,1
23.66,49.55,74.09,1,1
21.27,60.69,65.84,0,1
24.16,49.56,61.21,0,1
17.49,60.92,49.27,1,1
19.85,57.54,40.06,0,1
18.85,58.46,57.59,0,1
23.86,51.08,55.94,0,1
20.01,57.48,56.15,0,1
29.17,44.17,46.17,0,1
26.16,46.62,53.35,0,1
21.46,54.9,84.38,0,1
21.62,52.92,97.96,0,1
20.83,54.96,41.31,0,1
23.05,57.6,108.4,0,1
22.05,53.85,106.48,0,1
34.79,95.95,85.81,0,-1
20.59,57.86,53.41,0,1
19.32,58.8,71.5,1,1
21.51,57.75,43.53,0,1
20.86,56.04,59.14,0,1
24.68,58.47,41.61,0,1
22.09,52.05,42.64,0,1
18.57,57.86,47.61,0,1
19.7,54.38,48.51,1,1
28.07,46.27,44.24,0,1
22.84,55.49,72.65,0,1
18.68,53.71,63.96,0,1
23.0,49.28,51.42,0,1
20.05,55.66,41.74,0,1
19.32,63.62,50.15,1,1
19.54,66.5,50.49,1,1
22.72,53.92,53.4,0,1
18.02,62.45,72.63,0,1
19.24,60.6,40.83,1,1
17.45,57.13,65.64,1,1
24.97,51.17,53.58,0,1
23.83,50.59,40.32,0,1
18.92,56.89,47.23,0,1
21.44,56.83,85.34,0,1
23.74,50.86,122.95,0,1
24.3,51.87,132.32,0,1
20.8,58.68,57.38,0,1
21.48,50.3,43.3,0,1
28.11,45.26,41.86,1,1
46.21,22.06,74.66,0,-1
26.17,48.77,43.46,0,1
20.5,54.69,55.81,0,1
20.53,54.42,67.68,0,1
23.1,51.66,99.84,0,1
18.68,60.09,58.56,0,1
47.05,21.3,81.87,1,-1
50.18,15.37,53.5,0,-1
21.45,56.05,52.07,0,1
23.74,52.95,92.1,0,1
22.05,54.38,43.66,0,1
25.95,47.07,60.13,0,1
23.46,55.04,56.44,0,1
49.6,24.85,67.01,1,-1
24.17,53.34,79.42,0,1
20.04,55.62,110.87,0,1
24.67,51.26,81.42,0,1
22.14,56.62,58.42,0,1
24.44,54.21,68.7,0,1
19.75,56.65,57.72,0,1
18.42,63.52,69.49,0,1
50.22,24.07,73.32,0,-1
24.59,46.26,57.93,1,1
20.2,57.12,93.47,0,1
18.01,67.81,46.42,0,1
22.53,54.1,64.7,0,1
24.62,51.36,150.0,0,1
20.06,53.46,65.5,0,1
19.55,59.92,74.95,0,1
20.85,58.19,137.12,0,1
20.13,61.44,53.82,0,1
21.3,53.53,580.56,0,-1
19.53,63.43,64.31,0,1
23.24,53.59,47.29,0,1
41.4,94.61,87.29,0,-1
24.18,50.73,60.62,0,1
21.36,60.03,53.25,1,1
18.63,58.37,69.68,0,1
23.03,46.99,88.11,0,1
23.87,52.62,109.14,1,1
24.88,52.01,52.48,0,1
24.92,49.87,130.65,0,1
22.22,51.66,52.97,1,1
15.24,68.82,52.6,0,1
50.32,16.08,60.59,0,-1
23.49,51.74,60.85,0,1
22.05,56.67,90.9,0,1
23.03,53.71,83.93,1,1
23.9,51.45,42.02,0,1
22.78,54.61,73.51,0,1
22.01,55.27,56.4,0,1
20.84,58.75,134.57,0,1
25.05,49.33,49.45,0,1
20.76,58.05,87.82,0,1
18.67,64.14,61.2,1,1
19.89,56.57,54.13,0,1
23.39,53.08,40.43,0,1
23.02,57.98,73.55,1,1
22.63,51.0,42.87,0,1
49.08,18.47,56.14,0,-1
23.14,49.17,49.08,1,1
18.38,60.08,48.1,0,1
23.89,54.15,63.09,0,1
20.95,64.22,42.02,0,1
21.91,58.23,45.89,1,1
25.22,49.97,41.19,0,1
19.96,58.98,42.15,1,1
22.44,57.19,46.57,0,1
24.74,50.29,42.55,0,1
24.26,50.13,49.79,0,1
36.08,94.82,61.09,0,-1
18.18,56.27,75.21,0,1
22.8,55.86,46.67,0,1
20.03,59.71,61.44,0,1
24.39,46.1,60.74,0,1
23.06,53.88,46.99,0,1
20.8,59.07,56.02,1,1
21.05,58.04,128.7,1,1
18.95,64.82,44.82,0,1
26.21,43.81,44.48,0,1
20.21,64.41,45.59,0,1
23.57,57.87,54.8,0,1
28.03,47.18,49.62,0,1
21.07,55.19,44.17,0,1
15.77,67.52,66.98,0,1
22.58,53.01,46.62,1,1
21.53,55.69,56.15,0,1
19.61,60.1,71.93,0,1
23.26,55.59,40.44,0,1
18.01,58.92,47.54,0,1
19.96,58.23,53.07,0,1
19.26,58.11,100.08,0,1
16.53,63.94,150.0,0,1
23.04,53.71,64.48,1,1
22.19,52.43,66.44,0,1
21.88,53.28,43.03,1,1
22.98,52.47,272.28,0,-1
19.69,60.57,46.76,0,1
24.24,52.35,81.93,0,1
18.36,62.93,57.94,0,1
21.67,56.06,45.5,0,1
24.57,56.65,40.58,0,1
19.65,58.85,92.87,0,1
23.56,52.63,75.91,0,1
22.46,46.71,41.43,0,1
25.83,49.16,139.81,0,1
20.26,56.33,61.68,0,1
19.19,53.57,52.38,1,1
22.65,52.43,67.97,0,1
25.73,49.81,44.77,1,1
20.76,55.44,50.8,0,1
20.61,56.97,150.0,0,1
25.04,51.35,47.45,1,1
23.18,53.23,88.38,0,1
23.18,52.1,40.62,1,1
25.7,53.27,88.96,0,1
18.94,61.72,74.91,0,1
22.66,52.89,48.3,0,1
21.53,54.21,60.93,0,1
23.3,55.06,41.77,1,1
20.5,53.97,41.93,0,1
23.55,51.77,70.96,1,1
23.58,57.01,69.16,0,1
18.61,56.28,50.99,1,1
19.3,56.5,44.83,0,1
19.9,58.63,103.47,0,1
17.42,60.9,55.05,0,1
25.25,53.39,101.02,0,1
19.43,62.84,82.0,0,1
19.03,61.21,51.27,0,1
20.74,59.79,71.3,0,1
20.18,55.57,129.43,0,1
20.42,58.06,78.89,0,1
23.03,49.51,64.68,1,1
24.62,51.4,91.9,0,1
29.88,44.06,61.96,0,1
20.73,56.23,47.02,0,1
22.68,50.28,93.26,0,1
22.57,56.43,70.79,0,1
21.67,53.4,79.09,1,1
25.8,52.28,45.68,0,1
20.67,64.13,49.69,0,1
23.34,49.06,57.91,0,1
20.26,57.34,60.68,0,1
20.44,56.23,40.88,0,1
23.05,50.6,70.65,0,1
25.74,48.57,50.64,1,1
26.74,46.76,56.6,1,1
22.49,60.15,40.92,0,1
23.23,51.1,65.16,0,1
23.15,56.6,69.44,0,1
20.46,59.56,40.73,0,1
20.28,55.45,137.56,1,1
24.66,45.74,67.34,0,1
24.3,54.91,55.09,0,1
19.88,55.78,150.0,0,1
23.34,50.34,42.98,0,1
16.88,66.27,41.49,0,1
22.71,54.18,108.78,0,1
22.88,52.87,49.94,0,1
17.12,61.49,70.01,0,1
23.29,53.06,83.82,1,1
25.18,50.96,55.96,0,1
23.85,51.43,44.88,1,1
26.57,43.79,120.43,0,1
25.63,48.78,65.29,0,1
27.22,43.2,70.51,1,1
20.69,55.83,74.89,0,1
20.75,55.62,45.61,0,1
15.45,64.64,63.76,0,1
20.16,58.14,51.22,0,1
38.15,96.69,62.01,0,-1
24.23,53.76,49.18,0,1
24.45,53.16,51.78,0,1
23.54,48.2,54.21,0,1
21.92,55.0,59.53,0,1
22.45,50.86,80.07,0,1
19.83,55.53,47.17,1,1
18.85,57.79,150.0,0,1
23.33,53.24,43.67,0,1
24.48,54.34,150.0,0,1
21.79,56.69,84.53,0,1
21.36,41.2,522.28,0,-1
23.17,43.53,88.03,0,1
23.34,54.01,47.44,0,1
16.94,61.93,150.0,0,1
20.77,61.1,85.21,0,1
17.83,65.13,40.89,0,1
21.87,55.92,43.19,0,1
19.85,56.99,40.84,0,1
19.01,52.83,56.04,0,1
20.71,49.8,52.5,0,1
23.18,55.46,44.79,0,1
23.44,53.52,57.62,0,1
39.4,95.31,54.88,0,-1
19.75,58.83,71.17,1,1
21.34,51.32,40.47,0,1
21.9,50.0,73.88,1,1
19.99,65.23,51.26,0,1
23.2,48.1,69.55,0,1
20.11,60.4,48.82,0,1
25.9,47.43,75.16,0,1
21.5,50.52,63.67,0,1
18.53,58.93,67.46,0,1
23.07,49.19,40.74,0,1
23.37,49.65,42.03,1,1
22.23,56.21,65.66,0,1
33.38,94.76,68.77,0,-1
19.64,56.43,102.58,0,1
22.48,51.66,40.09,0,1
19.9,59.07,44.29,0,1
21.23,54.4,74.05,0,1
16.5,63.39,40.62,0,1
45.51,19.77,92.59,0,-1
23.34,58.85,41.97,0,1
22.92,56.56,94.86,0,1
19.8,60.4,51.33,0,1
20.98,50.62,81.26,0,1
22.56,48.74,43.27,0,1
18.8,57.92,53.61,0,1
21.79,50.04,86.2,0,1
18.83,61.56,65.57,0,1
20.19,53.89,41.49,0,1
25.15,44.31,40.66,0,1
22.24,52.55,53.81,1,1
23.22,55.15,68.08,0,1
19.24,56.71,73.3,0,1
16.81,62.49,64.5,0,1
19.73,59.66,43.49,0,1
22.89,50.1,63.41,0,1
39.01,88.67,86.22,0,-1
24.71,58.85,49.58,0,1
22.14,58.12,62.13,0,1
21.76,53.89,57.49,1,1
21.68,53.86,56.29,0,1
21.21,53.63,83.7,0,1
22.34,49.86,353.59,0,-1
18.91,59.9,88.76,0,1
20.4,56.3,82.47,0,1
20.47,56.99,40.91,0,1
23.55,50.1,50.86,0,1
23.57,57.08,45.76,1,1
18.64,57.46,84.22,0,1
21.64,53.24,83.22,0,1
21.75,52.23,41.1,0,1
27.75,45.35,59.77,0,1
23.91,53.33,82.58,0,1
27.41,44.87,46.77,0,1
22.21,57.3,59.0,0,1
19.86,51.64,97.13,0,1
24.41,47.57,41.96,0,1
19.6,55.35,67.88,0,1
24.39,49.89,118.4,1,1
18.89,62.26,56.58,0,1
22.84,53.35,64.72,0,1
19.4,54.54,438.65,0,-1
24.04,54.1,86.77,1,1
19.76,56.91,52.82,1,1
22.54,57.87,45.22,1,1
21.86,53.09,122.69,0,1
21.44,55.78,45.34,0,1
18.01,58.1,67.77,0,1
23.27,48.01,68.44,0,1
22.77,52.95,48.22,0,1
26.04,51.04,41.43,0,1
19.2,56.9,47.43,0,1
24.64,55.51,63.41,0,1
24.47,46.16,41.17,0,1
22.85,50.49,62.76,1,1
19.05,59.75,89.45,0,1
19.49,61.26,46.6,0,1
23.85,51.16,44.84,0,1
23.98,55.14,56.81,0,1
17.31,62.87,70.01,0,1
21.97,57.12,58.6,0,1
22.0,56.03,58.06,0,1
19.96,59.54,56.05,0,1
22.72,51.56,56.04,0,1
23.66,48.25,98.87,0,1
24.06,50.9,48.27,0,1
19.49,63.7,116.79,0,1
21.38,52.48,42.92,0,1
24.96,44.98,72.31,0,1
22.39,52.05,55.58,0,1
20.93,56.69,50.65,1,1
24.05,51.39,88.71,0,1
25.67,50.63,80.38,0,1
36.81,86.5,48.22,0,-1
21.11,56.87,53.62,0,1
18.86,63.42,51.92,1,1
22.0,55.29,45.87,0,1
21.17,55.22,52.85,1,1
21.07,55.31,80.23,1,1
21.38,55.97,53.51,0,1
22.07,58.87,45.83,0,1
24.53,54.17,51.6,0,1
20.51,58.83,74.17,0,1
24.58,50.35,42.94,0,1
18.58,60.63,56.71,0,1
18.64,60.74,83.71,0,1
17.05,63.15,62.89,0,1
21.6,54.45,42.54,0,1
18.52,62.13,44.03,0,1
18.19,59.52,113.75,0,1
23.22,56.08,82.92,0,1
22.85,56.57,64.33,0,1
22.62,58.09,44.26,0,1
24.97,48.33,41.89,0,1
24.19,55.95,85.76,0,1
27.22,50.53,87.92,1,1
18.89,57.49,127.73,0,1
22.51,59.4,40.21,1,1
23.1,54.33,46.48,0,1
21.09,58.14,78.37,1,1
24.35,52.41,66.79,0,1
20.43,53.63,107.67,0,1
23.67,50.62,58.31,0,1
17.46,61.63,70.96,0,1
26.84,43.69,49.16,0,1
26.45,46.94,63.43,0,1
17.12,69.5,49.77,0,1
40.63,90.62,63.75,0,-1
24.65,50.66,73.56,0,1
23.2,45.73,46.83,0,1
18.21,58.35,51.39,1,1
24.21,50.58,58.05,0,1
20.87,55.38,49.23,0,1
22.35,55.52,50.42,1,1
18.63,58.94,75.92,1,1
22.88,53.03,124.26,0,1
22.49,55.08,52.47,1,1
20.69,61.81,47.03,0,1
25.09,52.98,92.58,0,1
22.07,55.2,65.87,0,1
26.17,46.41,46.66,0,1
25.29,54.34,47.33,1,1
24.08,53.7,58.08,0,1
24.9,50.78,57.37,0,1
24.24,48.06,43.69,0,1
20.49,57.38,54.3,1,1
19.66,53.02,150.0,0,1
24.58,45.42,52.03,1,1
21.22,55.5,46.2,0,1
22.61,51.97,44.25,0,1
25.63,50.91,47.76,0,1
18.7,56.59,75.96,1,1
23.78,53.36,96.28,0,1
23.31,53.04,50.51,1,1
19.37,57.4,42.61,1,1
20.41,57.73,89.85,0,1
20.31,58.89,116.6,0,1
20.78,61.6,57.25,1,1
20.59,61.11,89.04,0,1
23.43,54.78,51.95,0,1
18.77,57.84,42.14,0,1
18.5,56.79,41.69,0,1
20.63,55.48,74.04,0,1
22.15,58.95,82.99,0,1
19.23,61.13,78.89,0,1
27.33,49.15,66.95,0,1
20.38,61.48,95.92,1,1
25.52,52.07,44.87,0,1
19.99,59.34,45.07,0,1
22.8,59.22,93.81,0,1
51.44,15.75,67.21,0,-1
23.36,55.39,45.16,0,1
24.0,46.87,42.03,0,1
20.64,50.08,61.74,0,1
45.96,16.71,83.22,0,-1
25.38,44.94,47.28,0,1
21.38,54.4,58.2,1,1
28.4,47.31,53.92,0,1
26.49,47.98,82.52,0,1
22.0,53.7,41.17,0,1
22.61,50.28,52.09,0,1
18.16,60.58,53.94,0,1
19.94,53.57,52.58,1,1
21.79,56.24,94.45,0,1
18.93,56.62,98.41,0,1
36.34,96.64,53.23,0,-1
22.77,55.24,88.47,0,1
23.98,51.64,61.76,0,1
22.38,54.59,63.82,0,1
22.61,56.97,40.65,0,1
17.64,54.96,47.85,0,1
22.04,51.65,61.33,0,1
19.85,54.58,52.26,0,1
24.45,50.09,53.77,0,1
21.61,52.91,51.72,0,1
20.15,60.84,41.0,0,1
19.45,62.6,41.95,0,1
21.6,52.64,81.65,0,1
25.98,49.39,57.05,0,1
19.43,55.92,73.12,0,1
21.85,55.92,46.01,1,1
23.4,56.66,60.59,0,1
24.25,51.9,65.31,0,1
21.47,59.46,64.65,0,1
18.2,68.49,63.83,1,1
22.11,49.19,103.14,0,1
21.12,54.47,105.17,0,1
18.44,65.04,41.99,0,1
24.5,51.07,87.22,0,1
22.97,52.31,64.99,0,1
16.78,60.42,43.41,0,1
15.78,63.17,81.19,0,1
22.1,57.42,49.84,1,1
23.07,55.82,71.11,0,1
22.52,56.39,41.8,1,1
24.44,50.04,100.55,0,1
23.21,42.12,51.31,0,1
21.6,50.35,58.94,0,1
22.53,57.74,98.63,0,1
23.0,52.8,108.35,0,1
22.44,55.35,70.89,0,1
18.9,50.82,40.81,1,1
20.97,56.79,86.5,0,1
25.39,53.4,79.47,0,1
20.61,58.37,98.41,0,1
24.36,51.77,47.9,0,1
19.52,54.69,59.96,0,1
24.38,50.42,94.81,0,1
25.68,52.18,61.69,0,1
26.64,52.16,52.63,0,1
25.08,49.71,73.66,0,1
20.69,57.54,56.76,0,1
19.33,61.27,42.24,0,1
21.99,53.29,53.95,1,1
22.08,59.39,47.81,0,1
39.63,93.53,84.4,0,-1
20.93,55.32,75.54,1,1
25.6,49.51,71.68,0,1
23.72,55.39,55.0,0,1
21.73,55.29,77.96,1,1
21.02,52.25,40.74,0,1
22.58,53.09,58.77,0,1
24.58,51.23,71.18,0,1
20.31,63.84,84.63,0,1
22.03,52.31,43.51,0,1
24.05,52.64,449.08,0,-1
23.19,53.68,49.72,0,1
21.26,56.73,63.45,0,1
21.43,59.14,67.94,0,1
20.47,62.08,76.14,1,1
18.81,59.19,58.18,0,1
33.48,93.48,134.86,0,-1
19.48,53.4,127.11,0,1
21.02,59.97,54.03,0,1
22.26,57.76,63.43,0,1
16.67,63.26,54.55,0,1
20.63,54.53,41.02,0,1
22.61,55.96,41.97,1,1
22.57,53.5,148.33,0,1
23.95,52.33,59.22,0,1
22.55,51.63,41.8,0,1
20.17,55.72,53.25,1,1
17.84,61.23,41.22,1,1
21.37,56.5,94.76,0,1
20.04,52.44,40.3,0,1
18.09,64.09,70.51,0,1
23.25,53.54,42.29,0,1
21.4,55.83,138.49,0,1
22.56,52.81,45.31,0,1
24.76,48.95,75.42,0,1
22.53,50.34,69.89,0,1
19.61,55.59,54.12,0,1
22.17,51.36,50.75,0,1
22.33,52.58,44.61,0,1
25.07,49.75,49.12,0,1
22.78,55.08,49.4,0,1
28.9,43.39,52.41,1,1
22.31,52.39,40.93,0,1
25.51,51.13,71.53,0,1
21.96,46.98,386.41,0,-1
23.48,54.48,66.78,0,1
19.1,65.52,41.21,0,1
20.71,57.1,92.17,0,1
26.15,48.93,90.0,1,1
22.66,54.59,67.47,0,1
19.8,59.86,62.21,0,1
14.9,62.15,113.05,0,1
26.34,48.01,76.25,0,1
22.58,55.53,63.91,0,1
27.06,51.31,53.85,0,1
23.25,49.58,45.56,0,1
21.38,55.99,139.52,0,1
18.0,59.71,41.03,0,1
19.97,58.76,41.68,0,1
24.52,52.17,46.86,0,1
20.48,59.89,55.31,0,1
17.63,68.15,54.8,1,1
20.68,60.55,41.34,1,1
20.27,53.15,55.8,0,1
22.25,50.19,56.8,0,1
19.2,61.25,41.11,1,1
40.62,90.37,63.04,0,-1
23.97,52.22,76.21,0,1
21.25,58.52,43.01,0,1
21.28,53.09,62.37,1,1
22.03,55.5,87.89,1,1
19.27,61.14,54.67,0,1
18.55,57.35,64.99,0,1
20.69,55.81,107.94,0,1
22.36,46.73,359.9,0,-1
21.35,57.97,84.6,1,1
19.99,55.81,49.33,0,1
19.47,57.45,47.26,1,1
50.43,18.75,63.7,1,-1
24.68,51.92,45.29,0,1
25.74,48.43,45.83,0,1
20.08,55.83,41.26,0,1
19.02,59.14,76.66,0,1
23.89,51.74,50.58,0,1
20.06,60.9,67.06,0,1
21.35,59.4,150.0,0,1
20.79,50.58,77.05,0,1
22.5,52.29,46.19,0,1
21.62,52.85,51.8,0,1
21.18,56.86,65.79,0,1
40.47,22.86,81.77,1,-1
24.84,48.56,90.5,0,1
22.88,50.68,66.49,0,1
39.09,91.53,94.08,0,-1
23.79,51.29,66.39,0,1
21.1,56.42,40.53,1,1
23.09,52.87,41.17,0,1
22.24,51.1,41.65,0,1
24.87,49.41,60.44,0,1
16.67,59.68,47.21,0,1
24.13,53.13,50.83,0,1
21.38,58.41,45.7,0,1
19.69,58.87,45.96,0,1
19.68,63.27,53.6,0,1
17.13,59.31,51.87,0,1
17.58,63.7,71.75,1,1
21.02,56.72,95.91,0,1
19.51,55.77,57.03,0,1
26.5,50.86,129.53,0,1
20.45,56.68,96.5,1,1
21.75,56.13,47.31,0,1
18.61,64.01,150.0,0,1
24.1,50.56,86.88,0,1
19.86,61.07,45.18,0,1
20.82,52.35,56.73,0,1
23.86,50.71,56.41,0,1
18.01,57.04,54.97,0,1
25.44,51.99,57.74,0,1
24.24,52.29,40.43,0,1
22.72,55.14,40.99,0,1
17.3,60.5,64.93,1,1
25.95,46.98,75.76,0,1
19.08,59.27,150.0,0,1
21.32,58.43,47.49,0,1
25.81,48.07,60.78,0,1
18.14,65.84,43.88,0,1
23.89,50.64,52.94,0,1
21.41,56.76,79.38,0,1
22.49,58.27,70.83,1,1
16.38,60.37,59.54,0,1
17.65,59.0,45.77,0,1
25.09,48.56,93.27,0,1
23.26,52.76,42.51,0,1
15.75,65.89,49.4,1,1
20.41,54.98,108.64,0,1
21.69,57.73,55.34,0,1
19.49,50.81,128.77,0,1
23.06,50.21,45.45,1,1
21.81,59.08,59.77,0,1
22.64,48.2,56.97,0,1
19.62,57.87,47.18,1,1
21.44,51.97,270.58,0,-1
21.99,57.22,108.59,0,1
25.91,45.09,50.89,0,1
24.7,49.4,41.94,0,1
25.48,48.69,81.84,0,1
21.03,63.07,67.18,0,1
19.86,61.0,91.88,0,1
27.39,52.34,49.95,0,1
18.19,64.65,127.04,0,1
21.03,60.05,82.16,0,1
23.09,46.72,91.77,0,1
23.86,54.86,56.75,0,1
24.13,54.22,85.34,0,1
46.86,20.5,82.85,0,-1
20.04,57.34,83.77,0,1
20.43,58.24,48.27,0,1
22.46,57.09,42.68,0,1
23.24,49.66,104.25,1,1
25.2,47.61,52.31,0,1
24.13,48.5,46.67,0,1
20.96,55.82,96.55,0,1
22.11,55.69,42.12,1,1
21.82,59.23,62.59,0,1
20.0,60.2,41.83,0,1
24.19,54.07,41.99,0,1
19.57,57.52,77.2,1,1
27.48,43.74,95.25,0,1
24.3,51.56,90.59,0,1
24.81,48.36,94.77,0,1
22.86,47.93,74.11,1,1
22.71,55.89,52.06,0,1
21.21,54.39,53.4,0,1
21.86,57.32,71.08,0,1
22.07,55.36,79.71,1,1
26.07,56.8,44.15,0,1
20.55,55.32,44.89,0,1
17.54,58.75,45.46,0,1
20.88,51.48,140.8,0,1
21.53,56.05,73.84,0,1
23.73,52.01,135.3,0,1
21.47,51.58,40.08,0,1
23.37,50.25,49.47,1,1
22.52,53.32,44.28,0,1
17.49,64.12,101.65,0,1
24.33,46.72,72.07,0,1
18.78,55.85,72.02,0,1
23.87,53.22,43.92,0,1
21.92,60.47,49.2,1,1
27.8,49.52,57.83,0,1
19.95,57.69,63.08,0,1
19.97,55.53,48.87,1,1
22.78,50.6,76.17,0,1
22.73,49.09,41.86,0,1
19.54,55.88,40.51,0,1
23.96,47.35,43.86,0,1
23.01,53.58,41.25,0,1
23.05,53.47,47.93,0,1
17.42,57.75,43.29,1,1
21.51,60.96,62.02,0,1
22.12,57.89,45.55,0,1
20.11,60.26,49.1,0,1
20.37,52.39,118.37,0,1
23.43,54.96,42.66,0,1
20.61,53.82,75.67,0,1
23.23,61.75,58.54,1,1
23.32,55.23,57.22,1,1
24.83,53.33,50.7,0,1
16.82,59.2,84.08,1,1
20.96,57.99,59.55,0,1
21.36,54.81,98.52,0,1
16.84,62.34,53.32,0,1
23.06,49.47,45.92,0,1
19.8,56.09,41.3,0,1
22.28,50.87,45.22,0,1
20.91,54.64,109.39,1,1
14.52,61.99,42.17,0,1
19.96,60.88,70.66,1,1
48.15,24.08,79.07,0,-1
20.56,57.57,79.29,0,1
18.07,57.08,107.76,1,1
17.96,61.25,55.96,0,1
22.46,57.96,46.32,1,1
24.23,51.45,150.0,0,1
21.01,57.83,55.37,0,1
20.94,57.86,41.49,0,1
22.15,52.05,59.76,0,1
20.92,56.16,89.16,1,1
20.35,60.51,43.63,0,1
19.33,58.62,40.66,0,1
25.91,49.05,113.27,0,1
22.13,56.44,58.74,1,1
21.19,61.04,62.22,0,1
21.52,53.37,109.96,1,1
23.79,51.41,60.63,0,1
20.75,57.31,55.58,0,1
22.08,57.07,71.36,0,1
21.28,52.18,72.64,0,1
20.37,61.1,61.8,0,1
25.05,51.39,45.12,1,1
16.99,63.36,106.97,1,1
26.98,48.26,90.51,1,1
18.3,62.15,102.31,0,1
23.5,56.76,49.23,0,1
21.56,58.5,55.31,0,1
21.95,51.02,42.01,0,1
26.1,48.46,81.5,0,1
17.02,59.65,107.17,0,1
22.2,49.83,58.62,0,1
17.79,60.31,63.87,1,1
26.58,49.22,45.4,0,1
24.42,46.07,58.13,0,1
22.43,52.45,52.78,1,1
24.38,49.36,43.23,0,1
23.58,57.53,53.21,0,1
20.93,56.71,53.27,0,1
24.38,53.27,40.66,0,1
24.99,49.55,50.58,0,1
22.12,51.31,150.0,0,1
23.77,50.11,76.16,0,1
19.46,54.95,147.44,0,1
21.07,56.12,49.13,0,1
23.01,50.94,48.0,0,1
23.17,51.78,45.01,0,1
20.67,56.65,42.15,0,1
23.5,50.49,41.56,0,1
20.37,56.03,115.42,0,1
22.29,55.45,44.92,0,1
19.86,58.53,73.25,0,1
21.18,55.38,78.19,0,1
26.53,45.19,71.34,1,1
26.91,47.35,96.54,0,1
24.69,54.81,87.52,1,1
21.65,58.47,55.73,0,1
24.1,53.32,113.54,1,1
22.49,54.89,57.39,0,1
20.31,60.21,56.93,1,1
20.87,54.08,44.73,0,1
20.1,53.1,84.72,0,1
20.41,49.83,80.9,0,1
22.05,56.19,105.09,0,1
24.57,50.76,79.54,0,1
24.55,55.34,86.66,1,1
21.16,58.97,91.03,0,1
20.38,59.13,49.86,1,1
17.97,54.79,52.32,0,1
18.59,62.99,150.0,1,1
24.38,54.94,48.35,1,1
22.42,54.84,56.62,1,1
21.46,56.78,60.82,1,1
23.7,53.85,58.74,0,1
23.15,51.77,55.31,0,1
23.36,55.13,53.98,0,1
23.55,54.23,41.9,0,1
21.92,52.48,60.13,1,1
20.79,52.99,68.46,0,1
23.64,60.84,98.31,0,1
24.87,46.62,54.93,0,1
24.33,56.23,143.98,1,1
24.99,46.56,45.08,0,1
20.79,55.44,66.07,0,1
18.62,58.31,55.0,0,1
23.18,50.07,48.88,0,1
21.86,56.23,107.18,1,1
23.2,47.05,54.26,0,1
20.56,59.89,40.8,0,1
21.26,54.61,81.42,0,1
16.58,67.13,113.34,0,1
21.25,54.9,73.04,0,1
22.04,57.96,57.79,0,1
25.76,43.43,99.41,0,1
23.38,56.43,58.51,0,1
21.28,56.22,129.43,1,1
19.69,60.47,41.96,0,1
19.39,57.59,50.33,0,1
23.9,53.2,85.87,0,1
21.31,61.39,40.32,0,1
24.56,54.23,40.63,0,1
24.28,49.48,46.58,0,1
22.93,54.72,42.17,0,1
18.63,60.24,95.95,1,1
22.18,57.83,55.43,0,1
23.05,55.03,75.53,0,1
21.3,58.69,62.63,1,1
26.18,47.76,45.16,1,1
26.28,48.01,44.19,0,1
22.83,50.42,59.47,1,1
22.1,56.0,481.38,0,-1
19.54,58.11,58.1,0,1
18.1,59.88,70.6,0,1
24.39,56.04,88.24,0,1
23.23,55.09,40.97,1,1
19.02,62.21,88.47,0,1
41.07,24.7,87.01,0,-1
26.11,53.92,42.43,0,1
23.18,54.65,54.22,0,1
25.91,50.21,50.54,0,1
21.09,55.24,45.74,1,1
20.51,58.46,77.2,0,1
17.58,62.19,44.65,0,1
21.26,60.21,44.59,0,1
20.37,54.99,77.69,0,1
22.51,55.42,72.9,0,1
21.93,52.24,67.92,0,1
22.51,52.76,88.8,0,1
24.64,55.43,47.71,1,1
23.86,49.81,51.88,0,1
25.46,52.1,54.69,0,1
20.02,60.45,150.0,0,1
39.49,20.9,87.54,0,-1
22.1,59.62,44.99,0,1
21.96,57.99,63.82,0,1
19.2,58.62,99.11,0,1
19.59,57.02,79.57,0,1
21.72,60.63,60.49,1,1
27.12,48.6,47.02,0,1
23.0,51.26,51.12,0,1
27.87,43.23,49.02,0,1
20.82,57.35,57.34,0,1
21.84,54.37,73.78,0,1
20.79,55.9,80.08,0,1
25.83,52.0,41.24,0,1
16.68,66.16,101.01,0,1
25.53,46.69,42.73,0,1
24.52,50.05,44.67,0,1
22.16,59.88,42.19,0,1
23.24,54.35,54.14,0,1
22.68,57.74,72.26,0,1
23.01,51.6,100.07,0,1
18.54,61.46,58.93,0,1
22.54,55.47,66.47,0,1
25.48,47.35,61.7,0,1
22.08,55.01,46.44,0,1
21.73,53.7,66.08,0,1
21.42,53.91,43.93,0,1
24.52,51.88,69.9,0,1
21.93,54.38,60.24,0,1
22.7,57.63,62.99,1,1
21.24,51.86,94.75,0,1
21.47,57.59,57.11,0,1
18.66,62.32,44.65,0,1
26.15,50.29,41.34,1,1
19.66,54.98,105.44,1,1
24.76,44.64,94.93,0,1
22.14,54.75,85.05,0,1
25.61,47.77,45.0,0,1
23.7,52.12,41.04,1,1
23.02,53.72,55.17,1,1
20.28,57.05,45.26,0,1
18.98,62.39,40.31,1,1
23.83,51.04,90.79,1,1
21.06,52.91,48.11,0,1
24.87,51.35,119.73,0,1
20.16,62.94,42.87,1,1
23.41,47.27,96.88,0,1
25.43,47.9,51.01,0,1
21.15,61.16,58.9,0,1
17.9,60.45,75.5,1,1
19.61,58.39,41.4,0,1
24.12,52.32,82.61,0,1
22.46,53.94,68.45,0,1
20.4,56.66,68.33,0,1
18.99,59.78,44.8,0,1
22.38,55.18,51.8,1,1
19.53,62.57,41.72,0,1
21.17,59.41,66.93,1,1
22.77,59.39,125.29,0,1
21.6,56.78,98.33,1,1
20.83,57.13,78.05,0,1
40.37,23.47,30.28,1,-1
20.53,57.17,56.88,0,1
21.6,52.5,46.22,1,1
20.66,57.68,61.25,0,1
20.72,61.94,44.96,0,1
27.46,42.48,58.46,1,1
23.71,55.11,150.0,0,1
19.27,61.5,48.85,0,1
19.56,55.88,79.33,0,1
22.36,56.27,53.09,0,1
23.23,50.86,43.89,0,1
24.68,53.93,67.79,0,1
22.49,54.5,51.1,0,1
22.61,55.43,60.81,0,1
18.86,59.68,41.03,0,1
21.24,52.41,56.2,0,1
23.6,53.69,48.82,0,1
20.08,56.59,46.55,0,1
20.57,60.67,77.09,1,1
19.29,61.23,71.96,1,1
18.66,60.73,150.0,1,1
20.06,59.88,49.91,1,1
24.29,48.96,72.92,0,1
23.7,53.76,107.31,0,1
20.65,55.58,59.56,1,1
18.16,60.48,60.04,0,1
20.23,61.64,54.23,0,1
25.78,49.54,107.77,0,1
25.63,43.68,80.71,0,1
21.05,54.2,95.76,0,1
22.89,53.25,55.4,1,1
22.27,58.68,61.86,0,1
21.52,55.49,51.36,0,1
22.29,54.11,50.02,0,1
23.73,53.11,47.98,0,1
24.7,54.25,87.35,0,1
39.93,87.54,109.72,0,-1
22.9,53.51,63.18,0,1
16.79,57.2,78.3,0,1
17.92,61.96,41.22,0,1
18.39,56.96,69.02,1,1
24.63,46.9,62.7,1,1
18.56,57.69,42.33,0,1
25.23,47.76,57.6,1,1
26.52,48.18,48.4,0,1
25.39,50.31,52.28,0,1
20.74,59.13,74.51,1,1
22.39,58.07,69.73,0,1
18.76,57.41,41.72,1,1
19.89,63.16,71.72,0,1
21.54,65.82,50.73,0,1
25.89,49.92,45.91,1,1
19.84,60.88,50.92,1,1
18.09,63.73,55.13,0,1
21.84,52.34,53.27,0,1
16.56,64.77,61.03,0,1
14.92,68.05,67.25,0,1
22.5,53.4,66.52,0,1
20.61,56.77,81.93,1,1
23.72,58.35,62.54,0,1
23.62,47.34,87.33,0,1
23.36,57.14,43.79,1,1
21.63,62.53,110.64,1,1
21.6,56.11,41.78,1,1
25.05,50.2,53.54,0,1
18.58,60.82,47.75,0,1
22.49,53.3,89.58,0,1
23.21,52.12,52.13,0,1
19.88,53.86,143.14,0,1
17.2,59.21,50.91,0,1
24.15,50.82,47.21,0,1
22.75,52.37,106.92,0,1
20.3,55.38,71.61,0,1
24.41,57.36,69.32,0,1
24.87,49.22,46.05,0,1
52.62,24.21,65.36,0,-1
20.99,60.32,41.02,0,1
23.73,54.39,44.1,0,1
24.98,51.74,40.56,0,1
19.23,56.52,87.22,0,1
21.88,53.88,63.74,0,1
21.01,50.72,83.89,0,1
22.13,65.4,76.14,0,1
24.62,47.6,115.65,0,1
14.07,66.98,54.29,0,1
20.96,51.11,41.15,0,1
22.2,54.59,93.63,0,1
15.68,61.31,124.14,0,1
22.81,57.15,79.99,0,1
20.92,55.22,45.14,0,1
21.86,57.62,62.35,0,1
20.22,57.31,45.33,0,1
19.92,60.51,43.46,1,1
22.85,52.11,72.0,0,1
24.99,54.11,84.47,0,1
23.43,54.0,94.89,1,1
25.08,48.92,68.84,1,1
23.96,54.68,83.24,0,1
19.14,57.49,52.49,0,1
20.95,53.64,66.19,1,1
20.65,57.79,81.38,0,1
21.4,56.71,61.78,1,1
21.13,55.95,40.11,0,1
25.24,51.23,55.62,0,1
27.19,44.27,101.54,1,1
23.24,53.94,48.35,0,1
19.52,58.51,64.73,0,1
27.55,47.87,41.96,0,1
21.91,55.7,41.0,0,1
17.4,60.67,83.4,0,1
23.74,60.98,433.14,0,-1
22.18,54.63,78.35,0,1
18.64,65.74,50.37,0,1
23.88,50.61,68.57,1,1
39.66,24.14,94.65,0,-1
18.59,58.68,50.24,1,1
17.86,61.28,73.11,0,1
19.11,62.94,78.68,0,1
20.51,57.28,67.71,1,1
22.95,50.76,64.97,0,1
16.9,59.68,60.55,0,1
20.71,57.92,59.07,0,1
21.41,54.27,116.07,0,1
20.23,55.62,53.58,1,1
21.65,64.0,43.13,0,1
19.06,62.57,107.44,1,1
20.28,56.26,62.88,0,1
21.09,58.21,107.58,0,1
21.77,57.77,82.08,0,1
25.99,49.13,57.56,1,1
22.12,56.12,46.64,0,1
24.07,52.48,56.84,0,1
20.62,60.46,47.98,0,1
20.86,57.97,45.57,1,1
22.97,55.13,46.41,0,1
24.97,53.45,95.21,1,1
20.43,57.79,58.56,1,1
20.77,56.62,55.04,0,1
25.46,52.2,78.3,0,1
20.3,62.72,45.61,0,1
24.73,52.33,63.52,1,1
26.19,46.42,52.07,1,1
20.84,59.88,46.25,0,1
19.21,56.67,51.97,0,1
21.07,60.21,66.49,0,1
22.01,53.88,100.07,0,1
25.01,53.15,47.46,0,1
20.09,56.63,80.48,0,1
25.72,49.89,75.38,1,1
17.3,58.52,43.27,0,1
21.04,60.53,53.87,0,1
21.8,59.24,43.29,0,1
22.48,53.24,131.18,0,1
20.12,59.62,64.17,0,1
23.4,52.42,88.1,0,1
23.12,53.23,150.0,1,1
21.37,51.25,61.75,0,1
24.3,54.7,60.28,0,1
22.73,55.83,63.99,0,1
20.82,52.87,69.43,0,1
20.84,52.71,66.74,0,1
20.94,55.44,85.16,0,1
41.12,97.74,110.98,0,-1
21.46,55.31,77.7,0,1
19.8,57.36,105.12,0,1
21.07,61.78,75.0,1,1
21.12,57.94,46.87,1,1
16.62,67.49,65.76,0,1
20.54,57.72,51.6,0,1
20.58,58.42,53.34,0,1
26.93,50.86,60.88,0,1
20.53,60.62,86.35,0,1
41.32,97.84,99.08,0,-1
22.26,50.31,113.68,0,1
23.96,51.62,59.27,0,1
24.63,53.96,142.25,0,1
20.88,58.44,40.84,0,1
23.75,51.32,87.42,0,1
21.54,51.47,85.35,0,1
20.81,53.99,459.43,0,-1
20.07,53.01,67.63,0,1
20.5,55.93,74.31,0,1
20.6,58.15,77.14,1,1
20.48,55.65,73.29,0,1
22.06,53.1,395.9,0,-1
23.93,55.42,50.05,0,1
20.98,61.15,50.63,0,1
40.88,92.87,106.67,0,-1
22.87,52.9,40.57,0,1
24.3,55.85,56.44,0,1
23.18,47.97,84.05,0,1
19.46,60.36,42.44,1,1
19.47,55.25,44.04,0,1
20.79,61.39,49.89,1,1
21.44,55.19,67.49,1,1
18.29,62.64,93.42,0,1
22.05,52.24,63.51,0,1
23.5,49.48,306.38,0,-1
23.12,59.02,65.45,0,1
24.72,46.79,150.0,0,1
20.52,53.75,74.45,0,1
24.15,55.64,62.79,1,1
24.18,49.32,44.23,0,1
23.43,54.52,60.11,1,1
18.64,62.75,45.99,0,1
24.21,51.37,48.97,1,1
21.72,57.35,51.33,1,1
20.57,52.53,82.15,1,1
21.79,54.28,60.84,0,1
41.33,86.71,68.66,0,-1
20.67,55.11,51.29,0,1
39.28,21.45,63.75,0,-1
24.39,55.29,41.09,0,1
20.81,49.12,353.47,0,-1
19.91,59.15,71.14,0,1
25.86,48.66,76.39,0,1
20.63,56.34,89.73,0,1
20.33,61.64,40.9,0,1
42.31,17.35,30.34,0,-1
19.56,57.1,56.89,0,1
22.74,54.13,51.83,0,1
22.86,56.64,73.62,0,1
20.97,52.46,77.13,0,1
18.8,60.52,50.71,0,1
25.07,51.57,47.72,0,1
18.93,60.24,43.41,0,1
20.6,58.11,49.0,0,1
20.48,53.28,70.66,0,1
26.51,44.24,48.84,0,1
22.01,53.3,62.67,0,1
22.01,59.3,69.92,0,1
21.17,60.32,40.44,1,1
24.58,50.14,71.79,0,1
17.97,64.62,44.33,0,1
23.43,54.54,150.0,0,1
20.37,56.99,66.71,0,1
24.97,53.19,56.1,1,1
25.68,48.64,84.75,0,1
21.24,54.62,49.44,0,1
20.82,61.33,44.11,0,1
19.5,56.45,47.16,0,1
23.78,53.19,47.56,0,1
19.01,54.45,50.24,0,1
26.11,46.16,68.11,0,1
22.91,55.97,52.57,1,1
19.74,53.94,44.47,0,1
19.64,62.48,43.99,0,1
20.81,54.05,45.17,0,1
19.25,57.0,78.46,1,1
23.13,44.76,48.87,0,1
23.03,53.85,46.06,0,1
17.53,59.92,150.0,0,1
22.39,58.11,48.8,0,1
21.91,54.09,57.13,1,1
41.44,96.01,80.04,0,-1
25.36,49.75,47.05,0,1
13.9,67.18,40.21,0,1
22.33,54.54,60.82,0,1
22.7,54.95,50.42,1,1
20.23,58.85,58.57,1,1
20.02,57.48,127.04,1,1
37.6,93.77,112.2,0,-1
20.1,59.39,53.81,1,1
22.56,53.29,45.85,0,1
25.16,46.4,41.05,0,1
26.22,49.21,47.42,0,1
22.23,52.79,43.28,0,1
24.0,54.11,47.22,0,1
22.9,54.08,50.1,1,1
23.8,55.69,56.64,0,1
18.91,54.57,43.49,0,1
23.81,54.72,64.64,0,1
19.79,57.29,79.85,1,1
20.41,54.0,53.39,0,1
21.64,58.9,42.99,0,1
22.53,54.45,43.76,0,1
23.37,52.98,95.02,1,1
25.72,54.41,57.37,0,1
24.9,52.12,59.58,0,1
18.4,63.64,83.57,0,1
24.2,46.26,133.48,0,1
17.55,56.25,54.76,0,1
26.8,48.25,84.96,1,1
18.93,58.67,40.24,0,1
22.38,50.42,59.15,0,1
20.86,54.29,76.64,0,1
21.03,62.63,44.04,0,1
23.46,55.19,109.43,0,1
21.91,56.64,43.91,0,1
19.99,59.17,44.23,1,1
22.81,55.38,79.0,1,1
22.37,56.16,69.99,0,1
24.71,53.31,59.06,1,1
25.05,48.87,58.09,0,1
21.24,55.14,69.56,0,1
21.4,54.7,53.95,0,1
26.75,50.86,135.11,1,1
20.21,60.45,42.29,0,1
25.55,50.93,60.12,0,1
22.09,58.46,70.59,0,1
20.53,57.58,48.83,0,1
19.22,52.84,42.1,0,1
24.31,52.49,66.73,0,1
38.36,87.66,65.69,0,-1
21.61,59.76,74.05,0,1
20.57,59.14,49.39,0,1
19.61,58.51,75.99,1,1
21.06,51.73,72.23,1,1
25.33,53.44,42.53,0,1
28.23,49.31,45.5,1,1
19.99,62.08,105.46,1,1
24.3,52.82,46.56,1,1
24.06,53.35,45.34,0,1
24.75,49.26,94.54,1,1
38.01,20.65,81.18,0,-1
22.42,52.7,43.26,1,1
19.15,62.27,69.15,0,1
21.59,54.09,46.32,0,1
20.64,59.67,41.51,0,1
22.67,53.66,394.91,0,-1
25.57,44.3,54.27,0,1
15.75,67.57,46.78,1,1
26.01,46.21,59.46,0,1
26.24,48.03,59.73,1,1
23.77,53.85,52.47,0,1
17.09,63.98,43.35,0,1
24.01,51.48,85.34,0,1
22.07,55.12,51.01,0,1
19.62,64.85,41.68,0,1
22.54,52.92,52.7,0,1
21.94,51.8,69.65,0,1
19.2,59.37,40.54,1,1
20.48,58.27,42.21,0,1
32.55,95.94,84.84,0,-1
34.77,92.35,109.69,0,-1
23.91,49.35,75.65,1,1
21.66,57.87,150.0,0,1
22.79,55.54,67.76,0,1
27.14,51.1,60.52,0,1
20.79,55.76,77.27,0,1
19.85,64.15,40.56,0,1
22.27,53.75,41.5,1,1
21.1,53.71,45.17,0,1
23.85,52.62,79.09,0,1
21.07,55.7,58.46,0,1
23.31,50.65,78.09,0,1
17.83,66.17,64.55,0,1
24.5,55.31,72.18,0,1
24.38,52.9,44.79,0,1
22.66,59.54,67.91,0,1
21.18,56.79,64.88,0,1
23.49,54.6,51.33,1,1
26.49,48.54,57.65,0,1
22.56,53.49,55.83,1,1
23.29,52.48,76.03,0,1
24.2,49.18,66.35,1,1
21.56,54.7,54.52,0,1
20.85,53.4,42.4,0,1
18.5,58.84,93.28,0,1
23.53,52.79,46.44,0,1
20.46,61.67,68.51,0,1
19.46,64.11,55.28,1,1
23.99,55.72,57.19,1,1
18.13,62.16,80.71,0,1
26.21,49.57,59.31,0,1
20.91,56.44,50.17,0,1
19.21,61.87,43.17,1,1
23.71,47.21,108.01,0,1
23.05,55.25,91.27,0,1
20.18,54.73,54.56,0,1
50.49,24.53,65.2,0,-1
22.89,54.38,49.44,0,1
23.45,51.85,68.53,0,1
23.67,49.03,49.16,1,1
20.11,65.93,70.32,0,1
24.11,47.35,74.67,0,1
21.56,52.87,49.81,0,1
23.23,54.76,150.0,0,1
27.02,48.97,59.32,0,1
25.58,54.14,45.53,0,1
25.1,51.33,46.04,1,1
24.15,52.85,55.61,0,1
24.03,52.88,50.73,0,1
21.84,51.9,54.32,0,1
22.98,51.02,146.65,0,1
22.19,56.96,65.75,0,1
19.98,58.32,117.47,0,1
40.53,17.39,72.45,0,-1
23.88,54.84,76.14,0,1
42.13,21.63,56.49,0,-1
18.11,60.51,63.76,0,1
21.96,52.63,66.82,0,1
21.2,57.72,91.25,0,1
20.37,59.32,44.99,0,1
22.35,54.82,49.32,0,1
19.52,57.42,46.55,0,1
24.1,54.39,150.0,0,1
19.43,58.54,58.85,0,1
53.06,18.74,68.5,0,-1
21.3,57.15,53.08,1,1
18.55,57.52,53.15,1,1
22.32,54.34,119.86,0,1
23.97,56.02,68.68,0,1
21.97,37.34,599.53,0,-1
23.95,50.37,45.23,0,1
18.57,60.55,41.86,0,1
21.98,53.36,52.37,0,1
26.74,49.81,51.72,0,1
20.57,56.66,66.5,0,1
26.08,49.73,50.48,0,1
16.02,63.6,98.84,0,1
23.73,52.65,56.14,1,1
25.44,46.36,100.69,0,1
14.73,67.07,43.6,0,1
24.06,60.18,47.97,1,1
21.8,55.1,47.79,1,1
18.07,59.05,44.77,0,1
15.41,67.95,68.27,0,1
19.78,60.82,55.44,1,1
19.57,56.03,75.13,0,1
21.5,58.93,66.15,0,1
21.87,52.99,82.71,0,1
20.98,55.17,131.83,0,1
21.71,57.48,62.86,1,1
21.66,51.21,41.64,0,1
24.78,47.98,45.49,0,1
23.89,54.0,73.29,0,1
21.08,58.45,74.29,0,1
21.04,60.75,43.7,0,1
15.26,65.83,75.11,0,1
23.73,57.25,46.78,0,1
23.6,48.33,47.87,0,1
22.56,53.36,80.26,0,1
20.78,53.21,48.75,0,1
19.74,58.97,54.83,1,1
21.26,56.71,70.71,0,1
22.62,52.91,117.89,0,1
18.66,60.38,44.11,1,1
26.97,46.54,55.2,1,1
18.21,56.48,43.01,0,1
22.67,53.67,49.12,0,1
17.28,58.44,51.16,0,1
19.12,65.69,43.79,0,1
21.98,59.75,49.04,0,1
22.82,50.62,59.19,0,1
21.2,52.9,94.17,0,1
26.11,57.64,45.33,0,1
18.21,63.94,57.49,0,1
53.75,24.32,95.41,0,-1
17.27,59.55,111.38,0,1
20.59,56.75,44.29,0,1
21.25,58.94,58.66,0,1
19.53,63.73,46.69,0,1
21.56,52.86,49.95,1,1
19.68,59.67,57.16,0,1
26.53,43.69,45.44,0,1
24.97,49.57,42.11,0,1
18.12,63.8,70.34,0,1
25.24,50.02,60.46,0,1
23.52,56.23,50.73,0,1
23.74,52.72,120.85,1,1
22.88,57.46,41.0,0,1
23.54,53.57,66.12,0,1
21.76,57.33,109.66,1,1
20.04,56.45,47.46,0,1
22.51,56.22,52.26,0,1
